{
	"Version": 3,
	"Meta": {
		"Duration": 2,
		"Fps": 30.0,
		"FadeInTime": 0.0,
		"FadeOutTime": 0.0,
		"Loop": true,
		"AreBeziersRestricted": true,
		"CurveCount": 22,
		"TotalSegmentCount": 82,
		"TotalPointCount": 228,
		"UserDataCount": 0,
		"TotalUserDataSize": 0
	},
	"Curves": [
		{
			"Target": "Model",
			"Id": "Opacity",
			"Segments": [
				0,
				100,
				0,
				2,
				100
			]
		},
		{
			"Target": "Parameter",
			"Id": "PARAM_CRY_ON",
			"Segments": [
				0,
				0,
				0,
				2,
				0
			]
		},
		{
			"Target": "Parameter",
			"Id": "PARAM_CRY1",
			"Segments": [
				0,
				0,
				0,
				2,
				0
			]
		},
		{
			"Target": "Parameter",
			"Id": "PARAM_CRY2",
			"Segments": [
				0,
				0,
				0,
				2,
				0
			]
		},
		{
			"Target": "Parameter",
			"Id": "PARAM_JOY_ON",
			"Segments": [
				0,
				0,
				0,
				2,
				0
			]
		},
		{
			"Target": "Parameter",
			"Id": "PARAM_JOY1",
			"Segments": [
				0,
				0,
				0,
				2,
				0
			]
		},
		{
			"Target": "Parameter",
			"Id": "PARAM_JOY2",
			"Segments": [
				0,
				0,
				0,
				2,
				0
			]
		},
		{
			"Target": "Parameter",
			"Id": "PARAM_ANGER_ON",
			"Segments": [
				0,
				1,
				0,
				2,
				1
			]
		},
		{
			"Target": "Parameter",
			"Id": "PARAM_ANGER1",
			"Segments": [
				0,
				0,
				1,
				0.056,
				0,
				0.111,
				1,
				0.167,
				1,
				1,
				0.222,
				1,
				0.278,
				1,
				0.333,
				1,
				1,
				0.389,
				1,
				0.444,
				0,
				0.5,
				0,
				1,
				0.556,
				0,
				0.611,
				0,
				0.667,
				0,
				1,
				0.722,
				0,
				0.778,
				1,
				0.833,
				1,
				1,
				0.889,
				1,
				0.944,
				1,
				1,
				1,
				1,
				1.056,
				1,
				1.111,
				0,
				1.167,
				0,
				1,
				1.222,
				0,
				1.278,
				0,
				1.333,
				0,
				1,
				1.389,
				0,
				1.444,
				1,
				1.5,
				1,
				1,
				1.556,
				1,
				1.611,
				1,
				1.667,
				1,
				1,
				1.722,
				1,
				1.778,
				0,
				1.833,
				0,
				1,
				1.889,
				0,
				1.944,
				0,
				2,
				0
			]
		},
		{
			"Target": "Parameter",
			"Id": "PARAM_ANGER2",
			"Segments": [
				0,
				0,
				1,
				0.056,
				0,
				0.111,
				0,
				0.167,
				0,
				1,
				0.222,
				0,
				0.278,
				1,
				0.333,
				1,
				1,
				0.389,
				1,
				0.444,
				1,
				0.5,
				1,
				1,
				0.556,
				1,
				0.611,
				0,
				0.667,
				0,
				1,
				0.722,
				0,
				0.778,
				0,
				0.833,
				0,
				1,
				0.889,
				0,
				0.944,
				1,
				1,
				1,
				1,
				1.056,
				1,
				1.111,
				1,
				1.167,
				1,
				1,
				1.222,
				1,
				1.278,
				0,
				1.333,
				0,
				1,
				1.389,
				0,
				1.444,
				0,
				1.5,
				0,
				1,
				1.556,
				0,
				1.611,
				1,
				1.667,
				1,
				1,
				1.722,
				1,
				1.778,
				1,
				1.833,
				1,
				1,
				1.889,
				1,
				1.944,
				0,
				2,
				0
			]
		},
		{
			"Target": "Parameter",
			"Id": "Param32",
			"Segments": [
				0,
				1,
				0,
				2,
				1
			]
		},
		{
			"Target": "Parameter",
			"Id": "PARAM_EYE_L_OPEN",
			"Segments": [
				0,
				1,
				0,
				2,
				1
			]
		},
		{
			"Target": "Parameter",
			"Id": "PARAM_EYE_R_OPEN",
			"Segments": [
				0,
				1,
				0,
				2,
				1
			]
		},
		{
			"Target": "Parameter",
			"Id": "PARAM_EYE_BALL_Y",
			"Segments": [
				0,
				0,
				0,
				2,
				0
			]
		},
		{
			"Target": "Parameter",
			"Id": "PARAM_ANGLE_Y",
			"Segments": [
				0,
				0,
				1,
				0.133,
				0,
				0.267,
				0,
				0.4,
				0,
				1,
				0.444,
				0,
				0.489,
				-30,
				0.533,
				-30,
				1,
				0.578,
				-30,
				0.622,
				0,
				0.667,
				0,
				1,
				0.733,
				0,
				0.8,
				-30,
				0.867,
				-30,
				1,
				0.933,
				-30,
				1,
				0,
				1.067,
				0,
				1,
				1.111,
				0,
				1.156,
				-30,
				1.2,
				-30,
				1,
				1.244,
				-30,
				1.289,
				0,
				1.333,
				0,
				1,
				1.4,
				0,
				1.467,
				-30,
				1.533,
				-30,
				1,
				1.622,
				-30,
				1.711,
				0,
				1.8,
				0,
				0,
				2,
				0
			]
		},
		{
			"Target": "Parameter",
			"Id": "PARAM_ANGLE_Z",
			"Segments": [
				0,
				0,
				1,
				0.078,
				0,
				0.156,
				0,
				0.233,
				0,
				1,
				0.311,
				0,
				0.389,
				1.232,
				0.467,
				5,
				1,
				0.522,
				7.691,
				0.578,
				10,
				0.633,
				10,
				1,
				0.678,
				10,
				0.722,
				5,
				0.767,
				5,
				1,
				0.811,
				5,
				0.856,
				10,
				0.9,
				10,
				1,
				0.967,
				10,
				1.033,
				5,
				1.1,
				5,
				1,
				1.167,
				5,
				1.233,
				10,
				1.3,
				10,
				1,
				1.356,
				10,
				1.411,
				5,
				1.467,
				5,
				1,
				1.522,
				5,
				1.578,
				10,
				1.633,
				10,
				1,
				1.689,
				10,
				1.744,
				0,
				1.8,
				0,
				0,
				2,
				0
			]
		},
		{
			"Target": "Parameter",
			"Id": "PARAM_CHEEK",
			"Segments": [
				0,
				0,
				0,
				2,
				0
			]
		},
		{
			"Target": "Parameter",
			"Id": "PARAM_BODY_ANGLE_Z",
			"Segments": [
				0,
				0,
				1,
				0.078,
				0,
				0.156,
				0,
				0.233,
				0,
				1,
				0.289,
				0,
				0.344,
				7,
				0.4,
				7,
				1,
				0.444,
				7,
				0.489,
				-3,
				0.533,
				-3,
				1,
				0.578,
				-3,
				0.622,
				7,
				0.667,
				7,
				1,
				0.733,
				7,
				0.8,
				-3,
				0.867,
				-3,
				1,
				0.933,
				-3,
				1,
				7,
				1.067,
				7,
				1,
				1.122,
				7,
				1.178,
				-3.04,
				1.233,
				-3.04,
				1,
				1.289,
				-3.04,
				1.344,
				6.92,
				1.4,
				6.92,
				1,
				1.467,
				6.92,
				1.533,
				-2.64,
				1.6,
				-2.64,
				1,
				1.667,
				-2.64,
				1.733,
				0,
				1.8,
				0,
				0,
				2,
				0
			]
		},
		{
			"Target": "Parameter",
			"Id": "PARAM_BREATH",
			"Segments": [
				0,
				0,
				0,
				2,
				0
			]
		},
		{
			"Target": "Parameter",
			"Id": "Param2",
			"Segments": [
				0,
				5,
				0,
				2,
				5
			]
		},
		{
			"Target": "Parameter",
			"Id": "PARAM_LEG_L_Z",
			"Segments": [
				0,
				0,
				0,
				2,
				0
			]
		},
		{
			"Target": "Parameter",
			"Id": "PARAM_LEG_R_Z",
			"Segments": [
				0,
				0,
				1,
				0.078,
				0,
				0.156,
				0,
				0.233,
				0,
				1,
				0.289,
				0,
				0.344,
				-10,
				0.4,
				-10,
				1,
				0.444,
				-10,
				0.489,
				0,
				0.533,
				0,
				1,
				0.578,
				0,
				0.622,
				-10,
				0.667,
				-10,
				1,
				0.733,
				-10,
				0.8,
				0,
				0.867,
				0,
				1,
				0.933,
				0,
				1,
				-10,
				1.067,
				-10,
				1,
				1.111,
				-10,
				1.156,
				0,
				1.2,
				0,
				1,
				1.244,
				0,
				1.289,
				-10,
				1.333,
				-10,
				1,
				1.4,
				-10,
				1.467,
				0,
				1.533,
				0,
				0,
				2,
				0
			]
		}
	]
}