{
	"Version": 3,
	"Meta": {
		"Duration": 2,
		"Fps": 30.0,
		"FadeInTime": 0.0,
		"FadeOutTime": 0.0,
		"Loop": true,
		"AreBeziersRestricted": true,
		"CurveCount": 18,
		"TotalSegmentCount": 37,
		"TotalPointCount": 99,
		"UserDataCount": 0,
		"TotalUserDataSize": 0
	},
	"Curves": [
		{
			"Target": "Model",
			"Id": "Opacity",
			"Segments": [
				0,
				100,
				0,
				2,
				100
			]
		},
		{
			"Target": "Parameter",
			"Id": "PARAM_CRY_ON",
			"Segments": [
				0,
				0,
				0,
				2,
				0
			]
		},
		{
			"Target": "Parameter",
			"Id": "PARAM_CRY1",
			"Segments": [
				0,
				0,
				0,
				2,
				0
			]
		},
		{
			"Target": "Parameter",
			"Id": "PARAM_CRY2",
			"Segments": [
				0,
				0,
				0,
				2,
				0
			]
		},
		{
			"Target": "Parameter",
			"Id": "PARAM_JOY_ON",
			"Segments": [
				0,
				0,
				0,
				2,
				0
			]
		},
		{
			"Target": "Parameter",
			"Id": "PARAM_JOY1",
			"Segments": [
				0,
				0,
				0,
				2,
				0
			]
		},
		{
			"Target": "Parameter",
			"Id": "PARAM_JOY2",
			"Segments": [
				0,
				0,
				0,
				2,
				0
			]
		},
		{
			"Target": "Parameter",
			"Id": "PARAM_ANGER_ON",
			"Segments": [
				0,
				0,
				0,
				2,
				0
			]
		},
		{
			"Target": "Parameter",
			"Id": "PARAM_ANGER1",
			"Segments": [
				0,
				0,
				0,
				2,
				0
			]
		},
		{
			"Target": "Parameter",
			"Id": "PARAM_ANGER2",
			"Segments": [
				0,
				0,
				0,
				2,
				0
			]
		},
		{
			"Target": "Parameter",
			"Id": "PARAM_EYE_L_OPEN",
			"Segments": [
				0,
				1,
				1,
				0.211,
				1,
				0.422,
				1,
				0.633,
				1,
				1,
				0.644,
				1,
				0.656,
				0,
				0.667,
				0,
				1,
				1.022,
				0,
				1.378,
				0,
				1.733,
				0,
				1,
				1.744,
				0,
				1.756,
				1,
				1.767,
				1,
				0,
				2,
				1
			]
		},
		{
			"Target": "Parameter",
			"Id": "PARAM_EYE_R_OPEN",
			"Segments": [
				0,
				1,
				1,
				0.211,
				1,
				0.422,
				1,
				0.633,
				1,
				1,
				0.644,
				1,
				0.656,
				0,
				0.667,
				0,
				1,
				1.022,
				0,
				1.378,
				0,
				1.733,
				0,
				1,
				1.744,
				0,
				1.756,
				1,
				1.767,
				1,
				0,
				2,
				1
			]
		},
		{
			"Target": "Parameter",
			"Id": "PARAM_EYE_BALL_Y",
			"Segments": [
				0,
				0,
				1,
				0.133,
				0,
				0.267,
				0,
				0.4,
				0,
				1,
				0.856,
				0,
				1.311,
				0,
				1.767,
				0,
				0,
				2,
				0
			]
		},
		{
			"Target": "Parameter",
			"Id": "PARAM_ANGLE_Y",
			"Segments": [
				0,
				0,
				1,
				0.089,
				0,
				0.178,
				30,
				0.267,
				30,
				1,
				0.344,
				30,
				0.422,
				0,
				0.5,
				0,
				1,
				0.589,
				0,
				0.678,
				30,
				0.767,
				30,
				1,
				0.844,
				30,
				0.922,
				0,
				1,
				0,
				1,
				1.089,
				0,
				1.178,
				30,
				1.267,
				30,
				1,
				1.356,
				30,
				1.444,
				0,
				1.533,
				0,
				1,
				1.611,
				0,
				1.689,
				30,
				1.767,
				30,
				1,
				1.844,
				30,
				1.922,
				0,
				2,
				0
			]
		},
		{
			"Target": "Parameter",
			"Id": "PARAM_ANGLE_Z",
			"Segments": [
				0,
				-30,
				1,
				0.333,
				-30,
				0.667,
				30,
				1,
				30,
				1,
				1.333,
				30,
				1.667,
				-30,
				2,
				-30
			]
		},
		{
			"Target": "Parameter",
			"Id": "PARAM_CHEEK",
			"Segments": [
				0,
				1,
				0,
				2,
				1
			]
		},
		{
			"Target": "Parameter",
			"Id": "PARAM_BODY_ANGLE_Z",
			"Segments": [
				0,
				-5,
				1,
				0.333,
				-5,
				0.667,
				5,
				1,
				5,
				1,
				1.333,
				5,
				1.667,
				-5,
				2,
				-5
			]
		},
		{
			"Target": "Parameter",
			"Id": "PARAM_BREATH",
			"Segments": [
				0,
				0,
				0,
				2,
				0
			]
		}
	]
}