{
	"Version": 3,
	"Meta": {
		"Duration": 3,
		"Fps": 30.0,
		"FadeInTime": 0.0,
		"FadeOutTime": 0.0,
		"Loop": true,
		"AreBeziersRestricted": true,
		"CurveCount": 21,
		"TotalSegmentCount": 51,
		"TotalPointCount": 138,
		"UserDataCount": 0,
		"TotalUserDataSize": 0
	},
	"Curves": [
		{
			"Target": "Model",
			"Id": "Opacity",
			"Segments": [
				0,
				100,
				0,
				3,
				100
			]
		},
		{
			"Target": "Parameter",
			"Id": "PARAM_CRY_ON",
			"Segments": [
				0,
				0,
				0,
				3,
				0
			]
		},
		{
			"Target": "Parameter",
			"Id": "PARAM_CRY1",
			"Segments": [
				0,
				0,
				0,
				3,
				0
			]
		},
		{
			"Target": "Parameter",
			"Id": "PARAM_CRY2",
			"Segments": [
				0,
				0,
				0,
				3,
				0
			]
		},
		{
			"Target": "Parameter",
			"Id": "PARAM_JOY_ON",
			"Segments": [
				0,
				1,
				0,
				3,
				1
			]
		},
		{
			"Target": "Parameter",
			"Id": "PARAM_JOY1",
			"Segments": [
				0,
				0,
				1,
				0.122,
				0,
				0.244,
				1,
				0.367,
				1,
				1,
				0.5,
				1,
				0.633,
				1,
				0.767,
				1,
				1,
				0.889,
				1,
				1.011,
				0,
				1.133,
				0,
				1,
				1.256,
				0,
				1.378,
				0,
				1.5,
				0,
				1,
				1.633,
				0,
				1.767,
				1,
				1.9,
				1,
				1,
				2.022,
				1,
				2.144,
				1,
				2.267,
				1,
				1,
				2.389,
				1,
				2.511,
				0,
				2.633,
				0,
				1,
				2.756,
				0,
				2.878,
				0,
				3,
				0
			]
		},
		{
			"Target": "Parameter",
			"Id": "PARAM_JOY2",
			"Segments": [
				0,
				0,
				1,
				0.122,
				0,
				0.244,
				0,
				0.367,
				0,
				1,
				0.5,
				0,
				0.633,
				1,
				0.767,
				1,
				1,
				0.889,
				1,
				1.011,
				1,
				1.133,
				1,
				1,
				1.256,
				1,
				1.378,
				0,
				1.5,
				0,
				1,
				1.633,
				0,
				1.767,
				0,
				1.9,
				0,
				1,
				2.022,
				0,
				2.144,
				1,
				2.267,
				1,
				1,
				2.389,
				1,
				2.511,
				1,
				2.633,
				1,
				1,
				2.756,
				1,
				2.878,
				0.16,
				3,
				0.02
			]
		},
		{
			"Target": "Parameter",
			"Id": "PARAM_ANGER_ON",
			"Segments": [
				0,
				0,
				0,
				3,
				0
			]
		},
		{
			"Target": "Parameter",
			"Id": "PARAM_ANGER1",
			"Segments": [
				0,
				0,
				0,
				3,
				0
			]
		},
		{
			"Target": "Parameter",
			"Id": "PARAM_ANGER2",
			"Segments": [
				0,
				0,
				0,
				3,
				0
			]
		},
		{
			"Target": "Parameter",
			"Id": "PARAM_EYE_L_OPEN",
			"Segments": [
				0,
				0,
				0,
				3,
				0
			]
		},
		{
			"Target": "Parameter",
			"Id": "PARAM_EYE_R_OPEN",
			"Segments": [
				0,
				0,
				0,
				3,
				0
			]
		},
		{
			"Target": "Parameter",
			"Id": "PARAM_EYE_BALL_Y",
			"Segments": [
				0,
				0,
				0,
				3,
				0
			]
		},
		{
			"Target": "Parameter",
			"Id": "PARAM_ANGLE_Y",
			"Segments": [
				0,
				0,
				1,
				0.111,
				-20,
				0.222,
				-30,
				0.333,
				-30,
				1,
				0.556,
				-30,
				0.778,
				-30,
				1,
				-30,
				1,
				1.167,
				-30,
				1.333,
				30,
				1.5,
				30,
				1,
				1.878,
				30,
				2.256,
				30,
				2.633,
				30,
				1,
				2.744,
				30,
				2.856,
				21.767,
				2.967,
				4.381,
				1,
				2.978,
				2.642,
				2.989,
				0.967,
				3,
				-0.643
			]
		},
		{
			"Target": "Parameter",
			"Id": "PARAM_ANGLE_Z",
			"Segments": [
				0,
				0,
				1,
				0.111,
				0,
				0.222,
				0,
				0.333,
				0,
				1,
				0.444,
				0,
				0.556,
				-15,
				0.667,
				-15,
				1,
				0.778,
				-15,
				0.889,
				0,
				1,
				0,
				1,
				1.167,
				0,
				1.333,
				-30,
				1.5,
				-30,
				1,
				1.644,
				-30,
				1.789,
				-15,
				1.933,
				-15,
				1,
				2.078,
				-15,
				2.222,
				-30,
				2.367,
				-30,
				1,
				2.567,
				-30,
				2.767,
				0.212,
				2.967,
				0.212,
				0,
				3,
				0.212
			]
		},
		{
			"Target": "Parameter",
			"Id": "PARAM_CHEEK",
			"Segments": [
				0,
				1,
				0,
				3,
				1
			]
		},
		{
			"Target": "Parameter",
			"Id": "PARAM_BODY_ANGLE_Z",
			"Segments": [
				0,
				0,
				1,
				0.233,
				0,
				0.467,
				-10,
				0.7,
				-10,
				1,
				1.1,
				-10,
				1.5,
				10,
				1.9,
				10,
				1,
				1.967,
				10,
				2.033,
				10,
				2.1,
				10,
				1,
				2.389,
				10,
				2.678,
				0,
				2.967,
				0,
				0,
				3,
				0
			]
		},
		{
			"Target": "Parameter",
			"Id": "PARAM_BREATH",
			"Segments": [
				0,
				0,
				0,
				3,
				0
			]
		},
		{
			"Target": "Parameter",
			"Id": "Param2",
			"Segments": [
				0,
				9,
				0,
				3,
				9
			]
		},
		{
			"Target": "Parameter",
			"Id": "PARAM_LEG_L_Z",
			"Segments": [
				0,
				0,
				0,
				3,
				0
			]
		},
		{
			"Target": "Parameter",
			"Id": "PARAM_LEG_R_Z",
			"Segments": [
				0,
				0,
				0,
				3,
				0
			]
		}
	]
}