{
	"Version": 3,
	"Meta": {
		"Duration": 2.93,
		"Fps": 30.0,
		"FadeInTime": 0.0,
		"FadeOutTime": 0.0,
		"Loop": true,
		"AreBeziersRestricted": true,
		"CurveCount": 23,
		"TotalSegmentCount": 50,
		"TotalPointCount": 133,
		"UserDataCount": 0,
		"TotalUserDataSize": 0
	},
	"Curves": [
		{
			"Target": "Model",
			"Id": "Opacity",
			"Segments": [
				0,
				100,
				0,
				2.93,
				100
			]
		},
		{
			"Target": "Parameter",
			"Id": "PARAM_CRY_ON",
			"Segments": [
				0,
				0,
				0,
				2.933,
				0
			]
		},
		{
			"Target": "Parameter",
			"Id": "PARAM_CRY1",
			"Segments": [
				0,
				0,
				0,
				2.933,
				0
			]
		},
		{
			"Target": "Parameter",
			"Id": "PARAM_CRY2",
			"Segments": [
				0,
				0,
				0,
				2.933,
				0
			]
		},
		{
			"Target": "Parameter",
			"Id": "PARAM_JOY_ON",
			"Segments": [
				0,
				0,
				0,
				2.933,
				0
			]
		},
		{
			"Target": "Parameter",
			"Id": "PARAM_JOY1",
			"Segments": [
				0,
				0,
				0,
				2.933,
				0
			]
		},
		{
			"Target": "Parameter",
			"Id": "PARAM_JOY2",
			"Segments": [
				0,
				0,
				0,
				2.933,
				0
			]
		},
		{
			"Target": "Parameter",
			"Id": "PARAM_ANGER_ON",
			"Segments": [
				0,
				0,
				0,
				2.933,
				0
			]
		},
		{
			"Target": "Parameter",
			"Id": "PARAM_ANGER1",
			"Segments": [
				0,
				0,
				0,
				2.933,
				0
			]
		},
		{
			"Target": "Parameter",
			"Id": "PARAM_ANGER2",
			"Segments": [
				0,
				0,
				0,
				2.933,
				0
			]
		},
		{
			"Target": "Parameter",
			"Id": "PARAM_EYE_L_OPEN",
			"Segments": [
				0,
				1,
				0,
				2.933,
				1
			]
		},
		{
			"Target": "Parameter",
			"Id": "PARAM_EYE_R_OPEN",
			"Segments": [
				0,
				1,
				0,
				2.933,
				1
			]
		},
		{
			"Target": "Parameter",
			"Id": "PARAM_EYE_BALL_Y",
			"Segments": [
				0,
				0,
				0,
				2.933,
				0
			]
		},
		{
			"Target": "Parameter",
			"Id": "PARAM_ANGLE_Y",
			"Segments": [
				0,
				0,
				1,
				0.111,
				-20,
				0.222,
				-30,
				0.333,
				-30,
				1,
				0.467,
				-30,
				0.6,
				30,
				0.733,
				30,
				1,
				1.244,
				30,
				1.756,
				30,
				2.267,
				30,
				1,
				2.433,
				30,
				2.6,
				20,
				2.767,
				0,
				1,
				2.822,
				-6.667,
				2.878,
				-12.222,
				2.933,
				-16.667
			]
		},
		{
			"Target": "Parameter",
			"Id": "PARAM_ANGLE_Z",
			"Segments": [
				0,
				0,
				1,
				0.244,
				0,
				0.489,
				0,
				0.733,
				0,
				1,
				0.856,
				0,
				0.978,
				-30,
				1.1,
				-30,
				1,
				1.378,
				-30,
				1.656,
				30,
				1.933,
				30,
				1,
				2.011,
				30,
				2.089,
				30,
				2.167,
				30,
				1,
				2.367,
				30,
				2.567,
				0,
				2.767,
				0,
				0,
				2.933,
				0
			]
		},
		{
			"Target": "Parameter",
			"Id": "PARAM_CHEEK",
			"Segments": [
				0,
				1,
				0,
				2.933,
				1
			]
		},
		{
			"Target": "Parameter",
			"Id": "PARAM_BODY_ANGLE_Z",
			"Segments": [
				0,
				0,
				0,
				2.933,
				0
			]
		},
		{
			"Target": "Parameter",
			"Id": "PARAM_BREATH",
			"Segments": [
				0,
				0,
				0,
				2.933,
				0
			]
		},
		{
			"Target": "Parameter",
			"Id": "Param2",
			"Segments": [
				0,
				2,
				0,
				2.933,
				2
			]
		},
		{
			"Target": "Parameter",
			"Id": "PARAM_LEG_L_Z",
			"Segments": [
				0,
				0,
				0,
				2.933,
				0
			]
		},
		{
			"Target": "Parameter",
			"Id": "PARAM_LEG_R_Z",
			"Segments": [
				0,
				0,
				0,
				2.933,
				0
			]
		},
		{
			"Target": "Parameter",
			"Id": "PARAM_ARM_L_01",
			"Segments": [
				0,
				0,
				1,
				0.1,
				0,
				0.2,
				8,
				0.3,
				8,
				1,
				0.4,
				8,
				0.5,
				0,
				0.6,
				0,
				1,
				0.7,
				0,
				0.8,
				8,
				0.9,
				8,
				1,
				0.989,
				8,
				1.078,
				0,
				1.167,
				0,
				1,
				1.267,
				0,
				1.367,
				8,
				1.467,
				8,
				1,
				1.567,
				8,
				1.667,
				0,
				1.767,
				0,
				1,
				1.867,
				0,
				1.967,
				8,
				2.067,
				8,
				1,
				2.156,
				8,
				2.244,
				0,
				2.333,
				0,
				1,
				2.433,
				0,
				2.533,
				8,
				2.633,
				8,
				1,
				2.733,
				8,
				2.833,
				0,
				2.933,
				0
			]
		},
		{
			"Target": "Parameter",
			"Id": "PARAM_ARM_R_01",
			"Segments": [
				0,
				0,
				1,
				0.1,
				0,
				0.2,
				8,
				0.3,
				8,
				1,
				0.4,
				8,
				0.5,
				0,
				0.6,
				0,
				1,
				0.7,
				0,
				0.8,
				8,
				0.9,
				8,
				1,
				0.989,
				8,
				1.078,
				0,
				1.167,
				0,
				1,
				1.267,
				0,
				1.367,
				8,
				1.467,
				8,
				1,
				1.567,
				8,
				1.667,
				0,
				1.767,
				0,
				1,
				1.867,
				0,
				1.967,
				8,
				2.067,
				8,
				1,
				2.156,
				8,
				2.244,
				0,
				2.333,
				0,
				1,
				2.433,
				0,
				2.533,
				8,
				2.633,
				8,
				1,
				2.733,
				8,
				2.833,
				0,
				2.933,
				0
			]
		}
	]
}