{
	"Version": 3,
	"Meta": {
		"Duration": 6,
		"Fps": 30.0,
		"FadeInTime": 0.0,
		"FadeOutTime": 0.0,
		"Loop": true,
		"AreBeziersRestricted": true,
		"CurveCount": 20,
		"TotalSegmentCount": 190,
		"TotalPointCount": 560,
		"UserDataCount": 0,
		"TotalUserDataSize": 0
	},
	"Curves": [
		{
			"Target": "Model",
			"Id": "Opacity",
			"Segments": [
				0,
				100,
				0,
				6,
				100
			]
		},
		{
			"Target": "Parameter",
			"Id": "PARAM_CRY_ON",
			"Segments": [
				0,
				0,
				1,
				0.811,
				0,
				1.622,
				0,
				2.433,
				0,
				1,
				2.6,
				0,
				2.767,
				1,
				2.933,
				1,
				1,
				3.333,
				1,
				3.733,
				1,
				4.133,
				1,
				1,
				4.3,
				1,
				4.467,
				0,
				4.633,
				0,
				0,
				6,
				0
			]
		},
		{
			"Target": "Parameter",
			"Id": "PARAM_CRY1",
			"Segments": [
				0,
				0,
				1,
				0.033,
				0,
				0.067,
				1,
				0.1,
				1,
				1,
				0.144,
				1,
				0.189,
				1,
				0.233,
				1,
				1,
				0.278,
				1,
				0.322,
				0,
				0.367,
				0,
				1,
				0.411,
				0,
				0.456,
				0,
				0.5,
				0,
				1,
				0.544,
				0,
				0.589,
				1,
				0.633,
				1,
				1,
				0.678,
				1,
				0.722,
				1,
				0.767,
				1,
				1,
				0.811,
				1,
				0.856,
				0,
				0.9,
				0,
				1,
				0.933,
				0,
				0.967,
				0,
				1,
				0,
				1,
				1.044,
				0,
				1.089,
				1,
				1.133,
				1,
				1,
				1.167,
				1,
				1.2,
				1,
				1.233,
				1,
				1,
				1.278,
				1,
				1.322,
				0,
				1.367,
				0,
				1,
				1.411,
				0,
				1.456,
				0,
				1.5,
				0,
				1,
				1.533,
				0,
				1.567,
				1,
				1.6,
				1,
				1,
				1.644,
				1,
				1.689,
				1,
				1.733,
				1,
				1,
				1.778,
				1,
				1.822,
				0,
				1.867,
				0,
				1,
				1.911,
				0,
				1.956,
				0,
				2,
				0,
				1,
				2.044,
				0,
				2.089,
				1,
				2.133,
				1,
				1,
				2.178,
				1,
				2.222,
				1,
				2.267,
				1,
				1,
				2.311,
				1,
				2.356,
				0,
				2.4,
				0,
				1,
				2.433,
				0,
				2.467,
				0,
				2.5,
				0,
				1,
				2.544,
				0,
				2.589,
				1,
				2.633,
				1,
				1,
				2.667,
				1,
				2.7,
				1,
				2.733,
				1,
				1,
				2.778,
				1,
				2.822,
				0,
				2.867,
				0,
				1,
				2.911,
				0,
				2.956,
				0,
				3,
				0,
				1,
				3.044,
				0,
				3.089,
				1,
				3.133,
				1,
				1,
				3.167,
				1,
				3.2,
				1,
				3.233,
				1,
				1,
				3.278,
				1,
				3.322,
				0,
				3.367,
				0,
				1,
				3.411,
				0,
				3.456,
				0,
				3.5,
				0,
				1,
				3.544,
				0,
				3.589,
				1,
				3.633,
				1,
				1,
				3.667,
				1,
				3.7,
				1,
				3.733,
				1,
				1,
				3.778,
				1,
				3.822,
				0,
				3.867,
				0,
				1,
				3.911,
				0,
				3.956,
				0,
				4,
				0,
				1,
				4.044,
				0,
				4.089,
				1,
				4.133,
				1,
				1,
				4.167,
				1,
				4.2,
				1,
				4.233,
				1,
				1,
				4.278,
				1,
				4.322,
				0,
				4.367,
				0,
				1,
				4.411,
				0,
				4.456,
				0,
				4.5,
				0,
				1,
				4.544,
				0,
				4.589,
				1,
				4.633,
				1,
				1,
				4.667,
				1,
				4.7,
				1,
				4.733,
				1,
				1,
				4.778,
				1,
				4.822,
				0,
				4.867,
				0,
				1,
				4.911,
				0,
				4.956,
				0,
				5,
				0,
				1,
				5.044,
				0,
				5.089,
				1,
				5.133,
				1,
				1,
				5.167,
				1,
				5.2,
				1,
				5.233,
				1,
				1,
				5.278,
				1,
				5.322,
				0,
				5.367,
				0,
				1,
				5.411,
				0,
				5.456,
				0,
				5.5,
				0,
				1,
				5.544,
				0,
				5.589,
				1,
				5.633,
				1,
				1,
				5.667,
				1,
				5.7,
				1,
				5.733,
				1,
				1,
				5.778,
				1,
				5.822,
				0,
				5.867,
				0,
				1,
				5.911,
				0,
				5.956,
				0,
				6,
				0
			]
		},
		{
			"Target": "Parameter",
			"Id": "PARAM_CRY2",
			"Segments": [
				0,
				0,
				1,
				0.033,
				0,
				0.067,
				0,
				0.1,
				0,
				1,
				0.144,
				0,
				0.189,
				1,
				0.233,
				1,
				1,
				0.278,
				1,
				0.322,
				1,
				0.367,
				1,
				1,
				0.411,
				1,
				0.456,
				0,
				0.5,
				0,
				1,
				0.544,
				0,
				0.589,
				0,
				0.633,
				0,
				1,
				0.678,
				0,
				0.722,
				1,
				0.767,
				1,
				1,
				0.811,
				1,
				0.856,
				1,
				0.9,
				1,
				1,
				0.933,
				1,
				0.967,
				0,
				1,
				0,
				1,
				1.044,
				0,
				1.089,
				0,
				1.133,
				0,
				1,
				1.167,
				0,
				1.2,
				1,
				1.233,
				1,
				1,
				1.278,
				1,
				1.322,
				1,
				1.367,
				1,
				1,
				1.411,
				1,
				1.456,
				0,
				1.5,
				0,
				1,
				1.533,
				0,
				1.567,
				0,
				1.6,
				0,
				1,
				1.644,
				0,
				1.689,
				1,
				1.733,
				1,
				1,
				1.778,
				1,
				1.822,
				1,
				1.867,
				1,
				1,
				1.911,
				1,
				1.956,
				0,
				2,
				0,
				1,
				2.044,
				0,
				2.089,
				0,
				2.133,
				0,
				1,
				2.178,
				0,
				2.222,
				1,
				2.267,
				1,
				1,
				2.311,
				1,
				2.356,
				1,
				2.4,
				1,
				1,
				2.433,
				1,
				2.467,
				0,
				2.5,
				0,
				1,
				2.544,
				0,
				2.589,
				0,
				2.633,
				0,
				1,
				2.667,
				0,
				2.7,
				1,
				2.733,
				1,
				1,
				2.778,
				1,
				2.822,
				1,
				2.867,
				1,
				1,
				2.911,
				1,
				2.956,
				0,
				3,
				0,
				1,
				3.044,
				0,
				3.089,
				0,
				3.133,
				0,
				1,
				3.167,
				0,
				3.2,
				1,
				3.233,
				1,
				1,
				3.278,
				1,
				3.322,
				1,
				3.367,
				1,
				1,
				3.411,
				1,
				3.456,
				0,
				3.5,
				0,
				1,
				3.544,
				0,
				3.589,
				0,
				3.633,
				0,
				1,
				3.667,
				0,
				3.7,
				1,
				3.733,
				1,
				1,
				3.778,
				1,
				3.822,
				1,
				3.867,
				1,
				1,
				3.911,
				1,
				3.956,
				0,
				4,
				0,
				1,
				4.044,
				0,
				4.089,
				0,
				4.133,
				0,
				1,
				4.167,
				0,
				4.2,
				1,
				4.233,
				1,
				1,
				4.278,
				1,
				4.322,
				1,
				4.367,
				1,
				1,
				4.411,
				1,
				4.456,
				0,
				4.5,
				0,
				1,
				4.544,
				0,
				4.589,
				0,
				4.633,
				0,
				1,
				4.667,
				0,
				4.7,
				1,
				4.733,
				1,
				1,
				4.778,
				1,
				4.822,
				1,
				4.867,
				1,
				1,
				4.911,
				1,
				4.956,
				0,
				5,
				0,
				1,
				5.044,
				0,
				5.089,
				0,
				5.133,
				0,
				1,
				5.167,
				0,
				5.2,
				1,
				5.233,
				1,
				1,
				5.278,
				1,
				5.322,
				1,
				5.367,
				1,
				1,
				5.411,
				1,
				5.456,
				0,
				5.5,
				0,
				1,
				5.544,
				0,
				5.589,
				0,
				5.633,
				0,
				1,
				5.667,
				0,
				5.7,
				1,
				5.733,
				1,
				1,
				5.778,
				1,
				5.822,
				1,
				5.867,
				1,
				1,
				5.911,
				1,
				5.956,
				0,
				6,
				0
			]
		},
		{
			"Target": "Parameter",
			"Id": "PARAM_JOY_ON",
			"Segments": [
				0,
				0,
				0,
				6,
				0
			]
		},
		{
			"Target": "Parameter",
			"Id": "PARAM_JOY1",
			"Segments": [
				0,
				0,
				0,
				6,
				0
			]
		},
		{
			"Target": "Parameter",
			"Id": "PARAM_JOY2",
			"Segments": [
				0,
				0,
				0,
				6,
				0
			]
		},
		{
			"Target": "Parameter",
			"Id": "PARAM_ANGER_ON",
			"Segments": [
				0,
				0,
				0,
				6,
				0
			]
		},
		{
			"Target": "Parameter",
			"Id": "PARAM_ANGER1",
			"Segments": [
				0,
				0,
				0,
				6,
				0
			]
		},
		{
			"Target": "Parameter",
			"Id": "PARAM_ANGER2",
			"Segments": [
				0,
				0,
				0,
				6,
				0
			]
		},
		{
			"Target": "Parameter",
			"Id": "PARAM_EYE_L_OPEN",
			"Segments": [
				0,
				1,
				1,
				0.833,
				1,
				1.667,
				1,
				2.5,
				1,
				1,
				2.511,
				1,
				2.522,
				0,
				2.533,
				0,
				1,
				3.2,
				0,
				3.867,
				0,
				4.533,
				0,
				1,
				4.544,
				0,
				4.556,
				1,
				4.567,
				1,
				0,
				6,
				1
			]
		},
		{
			"Target": "Parameter",
			"Id": "PARAM_EYE_R_OPEN",
			"Segments": [
				0,
				1,
				1,
				0.833,
				1,
				1.667,
				1,
				2.5,
				1,
				1,
				2.511,
				1,
				2.522,
				0,
				2.533,
				0,
				1,
				3.2,
				0,
				3.867,
				0,
				4.533,
				0,
				1,
				4.544,
				0,
				4.556,
				1,
				4.567,
				1,
				0,
				6,
				1
			]
		},
		{
			"Target": "Parameter",
			"Id": "PARAM_EYE_BALL_Y",
			"Segments": [
				0,
				-0.296,
				1,
				0.033,
				-0.296,
				0.067,
				0.296,
				0.1,
				0.296,
				1,
				0.144,
				0.296,
				0.189,
				-0.296,
				0.233,
				-0.296,
				1,
				0.267,
				-0.296,
				0.3,
				0.296,
				0.333,
				0.296,
				1,
				0.378,
				0.296,
				0.422,
				-0.296,
				0.467,
				-0.296,
				1,
				0.5,
				-0.296,
				0.533,
				0.296,
				0.567,
				0.296,
				1,
				0.611,
				0.296,
				0.656,
				-0.296,
				0.7,
				-0.296,
				1,
				0.733,
				-0.296,
				0.767,
				0.296,
				0.8,
				0.296,
				1,
				0.844,
				0.296,
				0.889,
				-0.296,
				0.933,
				-0.296,
				1,
				0.967,
				-0.296,
				1,
				0.296,
				1.033,
				0.296,
				1,
				1.078,
				0.296,
				1.122,
				-0.296,
				1.167,
				-0.296,
				1,
				1.2,
				-0.296,
				1.233,
				0.296,
				1.267,
				0.296,
				1,
				1.311,
				0.296,
				1.356,
				-0.296,
				1.4,
				-0.296,
				1,
				1.433,
				-0.296,
				1.467,
				0.296,
				1.5,
				0.296,
				1,
				1.544,
				0.296,
				1.589,
				-0.296,
				1.633,
				-0.296,
				1,
				1.667,
				-0.296,
				1.7,
				0.296,
				1.733,
				0.296,
				1,
				1.778,
				0.296,
				1.822,
				-0.296,
				1.867,
				-0.296,
				1,
				1.9,
				-0.296,
				1.933,
				0.296,
				1.967,
				0.296,
				1,
				2.011,
				0.296,
				2.056,
				-0.296,
				2.1,
				-0.296,
				1,
				2.133,
				-0.296,
				2.167,
				0.296,
				2.2,
				0.296,
				1,
				2.244,
				0.296,
				2.289,
				-0.296,
				2.333,
				-0.296,
				1,
				2.367,
				-0.296,
				2.4,
				0.296,
				2.433,
				0.296,
				1,
				2.478,
				0.296,
				2.522,
				-0.296,
				2.567,
				-0.296,
				1,
				2.6,
				-0.296,
				2.633,
				0.296,
				2.667,
				0.296,
				1,
				2.7,
				0.296,
				2.733,
				-0.296,
				2.767,
				-0.296,
				1,
				2.8,
				-0.296,
				2.833,
				0.296,
				2.867,
				0.296,
				1,
				2.911,
				0.296,
				2.956,
				-0.296,
				3,
				-0.296,
				1,
				3.033,
				-0.296,
				3.067,
				0.296,
				3.1,
				0.296,
				1,
				3.144,
				0.296,
				3.189,
				-0.296,
				3.233,
				-0.296,
				1,
				3.267,
				-0.296,
				3.3,
				0.296,
				3.333,
				0.296,
				1,
				3.378,
				0.296,
				3.422,
				-0.296,
				3.467,
				-0.296,
				1,
				3.5,
				-0.296,
				3.533,
				0.296,
				3.567,
				0.296,
				1,
				3.611,
				0.296,
				3.656,
				-0.296,
				3.7,
				-0.296,
				1,
				3.744,
				-0.296,
				3.789,
				0.296,
				3.833,
				0.296,
				1,
				3.878,
				0.296,
				3.922,
				-0.296,
				3.967,
				-0.296,
				1,
				4,
				-0.296,
				4.033,
				0.296,
				4.067,
				0.296,
				1,
				4.111,
				0.296,
				4.156,
				-0.296,
				4.2,
				-0.296,
				1,
				4.233,
				-0.296,
				4.267,
				0.296,
				4.3,
				0.296,
				1,
				4.344,
				0.296,
				4.389,
				-0.296,
				4.433,
				-0.296,
				1,
				4.478,
				-0.296,
				4.522,
				0.296,
				4.567,
				0.296,
				1,
				4.611,
				0.296,
				4.656,
				-0.296,
				4.7,
				-0.296,
				1,
				4.744,
				-0.296,
				4.789,
				0.296,
				4.833,
				0.296,
				1,
				4.878,
				0.296,
				4.922,
				-0.296,
				4.967,
				-0.296,
				1,
				5.011,
				-0.296,
				5.056,
				-0.296,
				5.1,
				-0.296,
				1,
				5.144,
				-0.296,
				5.189,
				0.296,
				5.233,
				0.296,
				1,
				5.278,
				0.296,
				5.322,
				-0.296,
				5.367,
				-0.296,
				1,
				5.411,
				-0.296,
				5.456,
				0.296,
				5.5,
				0.296,
				1,
				5.544,
				0.296,
				5.589,
				-0.295,
				5.633,
				-0.296,
				1,
				5.678,
				-0.296,
				5.722,
				-0.296,
				5.767,
				-0.296,
				1,
				5.811,
				-0.296,
				5.856,
				-0.296,
				5.9,
				-0.296,
				1,
				5.933,
				-0.296,
				5.967,
				-0.296,
				6,
				-0.296
			]
		},
		{
			"Target": "Parameter",
			"Id": "PARAM_ANGLE_Y",
			"Segments": [
				0,
				-30,
				1,
				0.333,
				-30,
				0.667,
				-30,
				1,
				-30,
				1,
				1.167,
				-30,
				1.333,
				0,
				1.5,
				0,
				1,
				1.811,
				0,
				2.122,
				0,
				2.433,
				0,
				1,
				2.6,
				0,
				2.767,
				30,
				2.933,
				30,
				1,
				3.333,
				30,
				3.733,
				30,
				4.133,
				30,
				1,
				4.3,
				30,
				4.467,
				0,
				4.633,
				0,
				1,
				4.878,
				0,
				5.122,
				0,
				5.367,
				0,
				1,
				5.578,
				0,
				5.789,
				-30,
				6,
				-30
			]
		},
		{
			"Target": "Parameter",
			"Id": "PARAM_ANGLE_Z",
			"Segments": [
				0,
				-30,
				1,
				0.333,
				-30,
				0.667,
				-30,
				1,
				-30,
				1,
				1.167,
				-30,
				1.333,
				0,
				1.5,
				0,
				1,
				1.811,
				0,
				2.122,
				0,
				2.433,
				0,
				1,
				2.6,
				0,
				2.767,
				30,
				2.933,
				30,
				1,
				3.333,
				30,
				3.733,
				30,
				4.133,
				30,
				1,
				4.3,
				30,
				4.467,
				0,
				4.633,
				0,
				1,
				4.878,
				0,
				5.122,
				0,
				5.367,
				0,
				1,
				5.578,
				0,
				5.789,
				-30,
				6,
				-30
			]
		},
		{
			"Target": "Parameter",
			"Id": "PARAM_CHEEK",
			"Segments": [
				0,
				0,
				1,
				0.378,
				0,
				0.756,
				0,
				1.133,
				0,
				0,
				6,
				0
			]
		},
		{
			"Target": "Parameter",
			"Id": "PARAM_BODY_ANGLE_Z",
			"Segments": [
				0,
				0,
				0,
				6,
				0
			]
		},
		{
			"Target": "Parameter",
			"Id": "PARAM_BREATH",
			"Segments": [
				0,
				0,
				0,
				6,
				0
			]
		},
		{
			"Target": "Parameter",
			"Id": "PARAM_LEG_L_Z",
			"Segments": [
				0,
				0,
				0,
				6,
				0
			]
		},
		{
			"Target": "Parameter",
			"Id": "PARAM_LEG_R_Z",
			"Segments": [
				0,
				0,
				0,
				6,
				0
			]
		}
	]
}