{
	"Version": 3,
	"Meta": {
		"Duration": 1.33,
		"Fps": 30.0,
		"FadeInTime": 0.0,
		"FadeOutTime": 0.0,
		"Loop": true,
		"AreBeziersRestricted": true,
		"CurveCount": 20,
		"TotalSegmentCount": 30,
		"TotalPointCount": 76,
		"UserDataCount": 0,
		"TotalUserDataSize": 0
	},
	"Curves": [
		{
			"Target": "Model",
			"Id": "Opacity",
			"Segments": [
				0,
				100,
				0,
				1.33,
				100
			]
		},
		{
			"Target": "Parameter",
			"Id": "PARAM_CRY_ON",
			"Segments": [
				0,
				0,
				0,
				1.333,
				0
			]
		},
		{
			"Target": "Parameter",
			"Id": "PARAM_CRY1",
			"Segments": [
				0,
				0,
				0,
				1.333,
				0
			]
		},
		{
			"Target": "Parameter",
			"Id": "PARAM_CRY2",
			"Segments": [
				0,
				0,
				0,
				1.333,
				0
			]
		},
		{
			"Target": "Parameter",
			"Id": "PARAM_JOY_ON",
			"Segments": [
				0,
				0,
				0,
				1.333,
				0
			]
		},
		{
			"Target": "Parameter",
			"Id": "PARAM_JOY1",
			"Segments": [
				0,
				0,
				0,
				1.333,
				0
			]
		},
		{
			"Target": "Parameter",
			"Id": "PARAM_JOY2",
			"Segments": [
				0,
				0,
				0,
				1.333,
				0
			]
		},
		{
			"Target": "Parameter",
			"Id": "PARAM_ANGER_ON",
			"Segments": [
				0,
				0,
				0,
				1.333,
				0
			]
		},
		{
			"Target": "Parameter",
			"Id": "PARAM_ANGER1",
			"Segments": [
				0,
				0,
				0,
				1.333,
				0
			]
		},
		{
			"Target": "Parameter",
			"Id": "PARAM_ANGER2",
			"Segments": [
				0,
				0,
				0,
				1.333,
				0
			]
		},
		{
			"Target": "Parameter",
			"Id": "PARAM_EYE_L_OPEN",
			"Segments": [
				0,
				1,
				0,
				1.333,
				1
			]
		},
		{
			"Target": "Parameter",
			"Id": "PARAM_EYE_R_OPEN",
			"Segments": [
				0,
				1,
				0,
				1.333,
				1
			]
		},
		{
			"Target": "Parameter",
			"Id": "PARAM_EYE_BALL_Y",
			"Segments": [
				0,
				0,
				0,
				1.333,
				0
			]
		},
		{
			"Target": "Parameter",
			"Id": "PARAM_ANGLE_Y",
			"Segments": [
				0,
				30,
				1,
				0.156,
				30,
				0.311,
				30,
				0.467,
				30,
				1,
				0.533,
				30,
				0.6,
				-15,
				0.667,
				-15,
				1,
				0.744,
				-15,
				0.822,
				30,
				0.9,
				30,
				1,
				0.967,
				30,
				1.033,
				-15,
				1.1,
				-15,
				1,
				1.178,
				-15,
				1.256,
				30,
				1.333,
				30
			]
		},
		{
			"Target": "Parameter",
			"Id": "PARAM_ANGLE_Z",
			"Segments": [
				0,
				10,
				1,
				0.067,
				11.649,
				0.133,
				12,
				0.2,
				12,
				1,
				0.289,
				12,
				0.378,
				10.9,
				0.467,
				10,
				1,
				0.622,
				8.424,
				0.778,
				8,
				0.933,
				8,
				1,
				1.067,
				8,
				1.2,
				8.58,
				1.333,
				10
			]
		},
		{
			"Target": "Parameter",
			"Id": "PARAM_CHEEK",
			"Segments": [
				0,
				0,
				0,
				1.333,
				0
			]
		},
		{
			"Target": "Parameter",
			"Id": "PARAM_BODY_ANGLE_Z",
			"Segments": [
				0,
				0.034,
				1,
				0.089,
				0.763,
				0.178,
				1.092,
				0.267,
				1.092,
				1,
				0.333,
				1.092,
				0.4,
				0.85,
				0.467,
				0,
				1,
				0.611,
				-1.843,
				0.756,
				-3,
				0.9,
				-3,
				1,
				1.044,
				-3,
				1.189,
				-1.505,
				1.333,
				0
			]
		},
		{
			"Target": "Parameter",
			"Id": "PARAM_BREATH",
			"Segments": [
				0,
				0,
				0,
				1.333,
				0
			]
		},
		{
			"Target": "Parameter",
			"Id": "PARAM_LEG_L_Z",
			"Segments": [
				0,
				0,
				0,
				1.333,
				0
			]
		},
		{
			"Target": "Parameter",
			"Id": "PARAM_LEG_R_Z",
			"Segments": [
				0,
				0,
				0,
				1.333,
				0
			]
		}
	]
}