{
	"Version": 3,
	"Meta": {
		"Duration": 21,
		"Fps": 30.0,
		"FadeInTime": 0.0,
		"FadeOutTime": 0.0,
		"Loop": true,
		"AreBeziersRestricted": true,
		"CurveCount": 23,
		"TotalSegmentCount": 105,
		"TotalPointCount": 330,
		"UserDataCount": 0,
		"TotalUserDataSize": 0
	},
	"Curves": [
		{
			"Target": "Model",
			"Id": "Opacity",
			"Segments": [
				0,
				100,
				0,
				21,
				100
			]
		},
		{
			"Target": "Parameter",
			"Id": "PARAM_HANA_ON",
			"Segments": [
				0,
				0,
				1,
				3.4,
				0,
				6.8,
				0,
				10.2,
				0,
				1,
				10.478,
				0,
				10.756,
				1,
				11.033,
				1,
				1,
				13.889,
				1,
				16.744,
				1,
				19.6,
				1,
				1,
				19.611,
				1,
				19.622,
				0,
				19.633,
				0,
				1,
				20.089,
				0,
				20.544,
				0,
				21,
				0
			]
		},
		{
			"Target": "Parameter",
			"Id": "PARAM_HANA",
			"Segments": [
				0,
				0,
				1,
				3.4,
				0,
				6.8,
				0,
				10.2,
				0,
				1,
				10.789,
				0,
				11.378,
				1,
				11.967,
				1,
				1,
				12.611,
				1,
				13.256,
				0,
				13.9,
				0,
				1,
				14.522,
				0,
				15.144,
				1,
				15.767,
				1,
				1,
				16.411,
				1,
				17.056,
				0,
				17.7,
				0,
				1,
				18.3,
				0,
				18.9,
				1,
				19.5,
				1,
				1,
				19.533,
				1,
				19.567,
				1,
				19.6,
				1,
				1,
				19.611,
				1,
				19.622,
				0,
				19.633,
				0,
				1,
				20.089,
				0,
				20.544,
				0,
				21,
				0
			]
		},
		{
			"Target": "Parameter",
			"Id": "PARAM_HANA_2",
			"Segments": [
				0,
				0,
				1,
				6.5,
				0,
				13,
				0,
				19.5,
				0,
				1,
				19.533,
				0,
				19.567,
				1,
				19.6,
				1,
				1,
				19.611,
				1,
				19.622,
				1,
				19.633,
				1,
				1,
				20.089,
				1,
				20.544,
				1,
				21,
				1
			]
		},
		{
			"Target": "Parameter",
			"Id": "PARAM_CRY_ON",
			"Segments": [
				0,
				0,
				1,
				7,
				0,
				14,
				0,
				21,
				0
			]
		},
		{
			"Target": "Parameter",
			"Id": "PARAM_CRY1",
			"Segments": [
				0,
				0,
				1,
				7,
				0,
				14,
				0,
				21,
				0
			]
		},
		{
			"Target": "Parameter",
			"Id": "PARAM_CRY2",
			"Segments": [
				0,
				0,
				1,
				7,
				0,
				14,
				0,
				21,
				0
			]
		},
		{
			"Target": "Parameter",
			"Id": "PARAM_JOY_ON",
			"Segments": [
				0,
				0,
				1,
				7,
				0,
				14,
				0,
				21,
				0
			]
		},
		{
			"Target": "Parameter",
			"Id": "PARAM_JOY1",
			"Segments": [
				0,
				0,
				1,
				7,
				0,
				14,
				0,
				21,
				0
			]
		},
		{
			"Target": "Parameter",
			"Id": "PARAM_JOY2",
			"Segments": [
				0,
				0,
				1,
				7,
				0,
				14,
				0,
				21,
				0
			]
		},
		{
			"Target": "Parameter",
			"Id": "PARAM_ANGER_ON",
			"Segments": [
				0,
				0,
				1,
				7,
				0,
				14,
				0,
				21,
				0
			]
		},
		{
			"Target": "Parameter",
			"Id": "PARAM_ANGER1",
			"Segments": [
				0,
				0,
				1,
				7,
				0,
				14,
				0,
				21,
				0
			]
		},
		{
			"Target": "Parameter",
			"Id": "PARAM_ANGER2",
			"Segments": [
				0,
				0,
				1,
				7,
				0,
				14,
				0,
				21,
				0
			]
		},
		{
			"Target": "Parameter",
			"Id": "PARAM_EYE_L_OPEN",
			"Segments": [
				0,
				1,
				1,
				1.744,
				1,
				3.489,
				1,
				5.233,
				1,
				1,
				5.244,
				1,
				5.256,
				0,
				5.267,
				0,
				1,
				10.111,
				0,
				14.956,
				0,
				19.8,
				0,
				1,
				19.822,
				0,
				19.844,
				1,
				19.867,
				1,
				1,
				19.922,
				1,
				19.978,
				1,
				20.033,
				1,
				1,
				20.044,
				1,
				20.056,
				0,
				20.067,
				0,
				1,
				20.1,
				0,
				20.133,
				0,
				20.167,
				0,
				1,
				20.178,
				0,
				20.189,
				1,
				20.2,
				1,
				1,
				20.233,
				1,
				20.267,
				1,
				20.3,
				1,
				1,
				20.311,
				1,
				20.322,
				0,
				20.333,
				0,
				1,
				20.367,
				0,
				20.4,
				0,
				20.433,
				0,
				1,
				20.444,
				0,
				20.456,
				1,
				20.467,
				1,
				0,
				21,
				1
			]
		},
		{
			"Target": "Parameter",
			"Id": "PARAM_EYE_R_OPEN",
			"Segments": [
				0,
				1,
				1,
				1.744,
				1,
				3.489,
				1,
				5.233,
				1,
				1,
				5.244,
				1,
				5.256,
				0,
				5.267,
				0,
				1,
				10.111,
				0,
				14.956,
				0,
				19.8,
				0,
				1,
				19.822,
				0,
				19.844,
				1,
				19.867,
				1,
				1,
				19.922,
				1,
				19.978,
				1,
				20.033,
				1,
				1,
				20.044,
				1,
				20.056,
				0,
				20.067,
				0,
				1,
				20.1,
				0,
				20.133,
				0,
				20.167,
				0,
				1,
				20.178,
				0,
				20.189,
				1,
				20.2,
				1,
				1,
				20.233,
				1,
				20.267,
				1,
				20.3,
				1,
				1,
				20.311,
				1,
				20.322,
				0,
				20.333,
				0,
				1,
				20.367,
				0,
				20.4,
				0,
				20.433,
				0,
				1,
				20.444,
				0,
				20.456,
				1,
				20.467,
				1,
				0,
				21,
				1
			]
		},
		{
			"Target": "Parameter",
			"Id": "PARAM_EYE_BALL_Y",
			"Segments": [
				0,
				0,
				1,
				2.556,
				0,
				5.111,
				-1,
				7.667,
				-1,
				1,
				8.111,
				-1,
				8.556,
				-1,
				9,
				-1,
				0,
				21,
				-1
			]
		},
		{
			"Target": "Parameter",
			"Id": "PARAM_ANGLE_Y",
			"Segments": [
				0,
				0,
				1,
				0.167,
				0,
				0.333,
				0,
				0.5,
				0,
				1,
				0.967,
				0,
				1.433,
				0,
				1.9,
				0,
				1,
				2.133,
				0,
				2.367,
				25,
				2.6,
				25,
				1,
				3.189,
				25,
				3.778,
				25,
				4.367,
				25,
				1,
				4.667,
				25,
				4.967,
				0,
				5.267,
				0,
				1,
				6.278,
				0,
				7.289,
				0,
				8.3,
				0,
				1,
				8.722,
				0,
				9.144,
				5.031,
				9.567,
				5.031,
				1,
				10.3,
				5.031,
				11.033,
				-20,
				11.767,
				-20,
				1,
				14.311,
				-20,
				16.856,
				-20,
				19.4,
				-20,
				1,
				19.444,
				-20,
				19.489,
				-27,
				19.533,
				-27,
				1,
				19.644,
				-27,
				19.756,
				12,
				19.867,
				12,
				1,
				20.044,
				12,
				20.222,
				12,
				20.4,
				12,
				1,
				20.6,
				12,
				20.8,
				0,
				21,
				0
			]
		},
		{
			"Target": "Parameter",
			"Id": "PARAM_ANGLE_Z",
			"Segments": [
				0,
				0,
				1,
				0.167,
				0,
				0.333,
				0,
				0.5,
				0,
				1,
				0.7,
				0,
				0.9,
				-10,
				1.1,
				-10,
				1,
				1.578,
				-10,
				2.056,
				10,
				2.533,
				10,
				1,
				2.811,
				10,
				3.089,
				6.931,
				3.367,
				0,
				1,
				3.622,
				-6.377,
				3.878,
				-10,
				4.133,
				-10,
				1,
				4.711,
				-10,
				5.289,
				10,
				5.867,
				10,
				1,
				6.156,
				10,
				6.444,
				6.135,
				6.733,
				0,
				1,
				7.1,
				-7.787,
				7.467,
				-11,
				7.833,
				-11,
				1,
				7.989,
				-11,
				8.144,
				-3.136,
				8.3,
				0,
				1,
				8.867,
				11.424,
				9.433,
				15,
				10,
				15,
				1,
				10.589,
				15,
				11.178,
				0,
				11.767,
				0,
				1,
				12.433,
				0,
				13.1,
				0,
				13.767,
				0,
				1,
				14.467,
				0,
				15.167,
				-30,
				15.867,
				-30,
				1,
				17.089,
				-30,
				18.311,
				-30,
				19.533,
				-30,
				1,
				19.644,
				-30,
				19.756,
				11,
				19.867,
				11,
				1,
				20.044,
				11,
				20.222,
				11,
				20.4,
				11,
				1,
				20.6,
				11,
				20.8,
				0,
				21,
				0
			]
		},
		{
			"Target": "Parameter",
			"Id": "PARAM_CHEEK",
			"Segments": [
				0,
				0,
				1,
				7,
				0,
				14,
				0,
				21,
				0
			]
		},
		{
			"Target": "Parameter",
			"Id": "PARAM_BODY_ANGLE_Z",
			"Segments": [
				0,
				0,
				1,
				0.167,
				0,
				0.333,
				0,
				0.5,
				0,
				1,
				0.7,
				0,
				0.9,
				-5,
				1.1,
				-5,
				1,
				1.578,
				-5,
				2.056,
				5,
				2.533,
				5,
				1,
				2.811,
				5,
				3.089,
				3.466,
				3.367,
				0,
				1,
				3.622,
				-3.189,
				3.878,
				-5,
				4.133,
				-5,
				1,
				4.711,
				-5,
				5.289,
				5,
				5.867,
				5,
				1,
				6.156,
				5,
				6.444,
				0,
				6.733,
				0,
				1,
				11.489,
				0,
				16.244,
				0,
				21,
				0
			]
		},
		{
			"Target": "Parameter",
			"Id": "PARAM_BREATH",
			"Segments": [
				0,
				0,
				1,
				4,
				0,
				8,
				0,
				12,
				0,
				1,
				12.589,
				0,
				13.178,
				1,
				13.767,
				1,
				1,
				14.356,
				1,
				14.944,
				0,
				15.533,
				0,
				1,
				15.644,
				0,
				15.756,
				0,
				15.867,
				0,
				1,
				16.433,
				0,
				17,
				1,
				17.567,
				1,
				1,
				18.156,
				1,
				18.744,
				0,
				19.333,
				0,
				1,
				19.889,
				0,
				20.444,
				0,
				21,
				0
			]
		},
		{
			"Target": "Parameter",
			"Id": "PARAM_LEG_L_Z",
			"Segments": [
				0,
				0,
				1,
				7,
				0,
				14,
				0,
				21,
				0
			]
		},
		{
			"Target": "Parameter",
			"Id": "PARAM_LEG_R_Z",
			"Segments": [
				0,
				0,
				1,
				7,
				0,
				14,
				0,
				21,
				0
			]
		}
	]
}