{
	"Version": 3,
	"Meta": {
		"Duration": 5.63,
		"Fps": 30.0,
		"FadeInTime": 0.5,
		"FadeOutTime": 0.5,
		"Loop": true,
		"AreBeziersRestricted": true,
		"CurveCount": 24,
		"TotalSegmentCount": 124,
		"TotalPointCount": 348,
		"UserDataCount": 0,
		"TotalUserDataSize": 0
	},
	"Curves": [
		{
			"Target": "Model",
			"Id": "Opacity",
			"Segments": [
				0,
				100,
				0,
				5.63,
				100
			]
		},
		{
			"Target": "Parameter",
			"Id": "PARAM_EYE_L_OPEN",
			"Segments": [
				0,
				1,
				1,
				0.233,
				1,
				0.467,
				1,
				0.7,
				1,
				1,
				0.744,
				1,
				0.789,
				0,
				0.833,
				0,
				1,
				0.856,
				0,
				0.878,
				0,
				0.9,
				0,
				1,
				0.956,
				0,
				1.011,
				1,
				1.067,
				1,
				1,
				1.6,
				1,
				2.133,
				1,
				2.667,
				1,
				1,
				2.9,
				1,
				3.133,
				1,
				3.367,
				1,
				1,
				3.411,
				1,
				3.456,
				0,
				3.5,
				0,
				1,
				3.522,
				0,
				3.544,
				0,
				3.567,
				0,
				1,
				3.622,
				0,
				3.678,
				1,
				3.733,
				1,
				0,
				5.633,
				1
			]
		},
		{
			"Target": "Parameter",
			"Id": "PARAM_EYE_R_OPEN",
			"Segments": [
				0,
				1,
				1,
				0.233,
				1,
				0.467,
				1,
				0.7,
				1,
				1,
				0.744,
				1,
				0.789,
				0,
				0.833,
				0,
				1,
				0.856,
				0,
				0.878,
				0,
				0.9,
				0,
				1,
				0.956,
				0,
				1.011,
				1,
				1.067,
				1,
				1,
				1.6,
				1,
				2.133,
				1,
				2.667,
				1,
				1,
				2.9,
				1,
				3.133,
				1,
				3.367,
				1,
				1,
				3.411,
				1,
				3.456,
				0,
				3.5,
				0,
				1,
				3.522,
				0,
				3.544,
				0,
				3.567,
				0,
				1,
				3.622,
				0,
				3.678,
				1,
				3.733,
				1,
				0,
				5.633,
				1
			]
		},
		{
			"Target": "Parameter",
			"Id": "PARAM_EYE_BALL_X",
			"Segments": [
				0,
				0,
				1,
				0.356,
				0,
				0.711,
				0.22,
				1.067,
				0.22,
				1,
				1.444,
				0.22,
				1.822,
				-0.68,
				2.2,
				-0.68,
				1,
				2.356,
				-0.68,
				2.511,
				-0.087,
				2.667,
				0,
				1,
				3.022,
				0.199,
				3.378,
				0.22,
				3.733,
				0.22,
				1,
				4.111,
				0.22,
				4.489,
				-0.68,
				4.867,
				-0.68,
				1,
				5.111,
				-0.68,
				5.356,
				0,
				5.6,
				0,
				0,
				5.633,
				0
			]
		},
		{
			"Target": "Parameter",
			"Id": "PARAM_EYE_BALL_Y",
			"Segments": [
				0,
				0,
				1,
				0.356,
				0,
				0.711,
				0.057,
				1.067,
				0.29,
				1,
				1.444,
				0.538,
				1.822,
				0.75,
				2.2,
				0.75,
				1,
				2.356,
				0.75,
				2.511,
				0,
				2.667,
				0,
				1,
				3.022,
				0,
				3.378,
				0.057,
				3.733,
				0.29,
				1,
				4.111,
				0.538,
				4.489,
				0.75,
				4.867,
				0.75,
				1,
				5.111,
				0.75,
				5.356,
				0,
				5.6,
				0,
				0,
				5.633,
				0
			]
		},
		{
			"Target": "Parameter",
			"Id": "PARAM_BROW_L_Y",
			"Segments": [
				0,
				0,
				1,
				0.889,
				0,
				1.778,
				0,
				2.667,
				0,
				0,
				5.633,
				0
			]
		},
		{
			"Target": "Parameter",
			"Id": "PARAM_BROW_R_Y",
			"Segments": [
				0,
				0,
				1,
				0.889,
				0,
				1.778,
				0,
				2.667,
				0,
				0,
				5.633,
				0
			]
		},
		{
			"Target": "Parameter",
			"Id": "PARAM_BROW_L_X",
			"Segments": [
				0,
				0,
				1,
				0.889,
				0,
				1.778,
				0,
				2.667,
				0,
				0,
				5.633,
				0
			]
		},
		{
			"Target": "Parameter",
			"Id": "PARAM_BROW_R_X",
			"Segments": [
				0,
				0,
				1,
				0.889,
				0,
				1.778,
				0,
				2.667,
				0,
				0,
				5.633,
				0
			]
		},
		{
			"Target": "Parameter",
			"Id": "PARAM_BROW_L_ANGLE",
			"Segments": [
				0,
				0,
				1,
				0.889,
				0,
				1.778,
				0,
				2.667,
				0,
				0,
				5.633,
				0
			]
		},
		{
			"Target": "Parameter",
			"Id": "PARAM_BROW_R_ANGLE",
			"Segments": [
				0,
				0,
				1,
				0.889,
				0,
				1.778,
				0,
				2.667,
				0,
				0,
				5.633,
				0
			]
		},
		{
			"Target": "Parameter",
			"Id": "PARAM_ANGLE_X",
			"Segments": [
				0,
				0,
				1,
				0.356,
				0,
				0.711,
				-5,
				1.067,
				-5,
				1,
				1.444,
				-5,
				1.822,
				16,
				2.2,
				16,
				1,
				2.356,
				16,
				2.511,
				1.922,
				2.667,
				0,
				1,
				3.022,
				-4.393,
				3.378,
				-5,
				3.733,
				-5,
				1,
				4.111,
				-5,
				4.489,
				16,
				4.867,
				16,
				1,
				5.111,
				16,
				5.356,
				0,
				5.6,
				0,
				0,
				5.633,
				0
			]
		},
		{
			"Target": "Parameter",
			"Id": "PARAM_ANGLE_Y",
			"Segments": [
				0,
				0,
				1,
				0.167,
				0,
				0.333,
				16,
				0.5,
				16,
				1,
				0.689,
				16,
				0.878,
				-16,
				1.067,
				-16,
				1,
				1.256,
				-16,
				1.444,
				6,
				1.633,
				6,
				1,
				1.822,
				6,
				2.011,
				-30,
				2.2,
				-30,
				1,
				2.356,
				-30,
				2.511,
				-12.937,
				2.667,
				0,
				1,
				2.833,
				13.861,
				3,
				16,
				3.167,
				16,
				1,
				3.356,
				16,
				3.544,
				-16,
				3.733,
				-16,
				1,
				3.922,
				-16,
				4.111,
				6,
				4.3,
				6,
				1,
				4.489,
				6,
				4.678,
				-30,
				4.867,
				-30,
				1,
				5.111,
				-30,
				5.356,
				0,
				5.6,
				0,
				0,
				5.633,
				0
			]
		},
		{
			"Target": "Parameter",
			"Id": "PARAM_ANGLE_Z",
			"Segments": [
				0,
				0,
				1,
				0.356,
				0,
				0.711,
				-8,
				1.067,
				-8,
				1,
				1.444,
				-8,
				1.822,
				9,
				2.2,
				9,
				1,
				2.356,
				9,
				2.511,
				2.829,
				2.667,
				0,
				1,
				3.022,
				-6.466,
				3.378,
				-8,
				3.733,
				-8,
				1,
				4.111,
				-8,
				4.489,
				9,
				4.867,
				9,
				1,
				5.111,
				9,
				5.356,
				0,
				5.6,
				0,
				0,
				5.633,
				0
			]
		},
		{
			"Target": "Parameter",
			"Id": "PARAM_CHEEK",
			"Segments": [
				0,
				1,
				1,
				0.889,
				1,
				1.778,
				1,
				2.667,
				1,
				0,
				5.633,
				1
			]
		},
		{
			"Target": "Parameter",
			"Id": "PARAM_BODY_ANGLE_X",
			"Segments": [
				0,
				0,
				1,
				0.333,
				0,
				0.667,
				-8,
				1,
				-8,
				1,
				1.1,
				-8,
				1.2,
				-8.377,
				1.3,
				-7.659,
				1,
				1.6,
				-5.506,
				1.9,
				6,
				2.2,
				6,
				1,
				2.356,
				6,
				2.511,
				2.818,
				2.667,
				0,
				1,
				3,
				-6.039,
				3.333,
				-8,
				3.667,
				-8,
				1,
				3.767,
				-8,
				3.867,
				-8.378,
				3.967,
				-7.659,
				1,
				4.267,
				-5.503,
				4.567,
				6,
				4.867,
				6,
				1,
				5.111,
				6,
				5.356,
				0,
				5.6,
				0,
				0,
				5.633,
				0
			]
		},
		{
			"Target": "Parameter",
			"Id": "PARAM_BODY_ANGLE_Y",
			"Segments": [
				0,
				0,
				1,
				0.889,
				0,
				1.778,
				0,
				2.667,
				0,
				0,
				5.633,
				0
			]
		},
		{
			"Target": "Parameter",
			"Id": "PARAM_BODY_ANGLE_Z",
			"Segments": [
				0,
				0,
				1,
				0.733,
				0,
				1.467,
				0,
				2.2,
				0,
				1,
				2.356,
				0,
				2.511,
				0,
				2.667,
				0,
				1,
				3.4,
				0,
				4.133,
				0,
				4.867,
				0,
				0,
				5.633,
				0
			]
		},
		{
			"Target": "Parameter",
			"Id": "PARAM_BODY",
			"Segments": [
				0,
				0,
				1,
				0.333,
				0,
				0.667,
				8,
				1,
				8,
				1,
				1.389,
				8,
				1.778,
				-7,
				2.167,
				-7,
				1,
				2.333,
				-7,
				2.5,
				-3.094,
				2.667,
				0,
				1,
				3,
				6.188,
				3.333,
				8,
				3.667,
				8,
				1,
				4.056,
				8,
				4.444,
				-7,
				4.833,
				-7,
				1,
				5.089,
				-7,
				5.344,
				0,
				5.6,
				0,
				0,
				5.633,
				0
			]
		},
		{
			"Target": "Parameter",
			"Id": "PARAM_BREATH",
			"Segments": [
				0,
				0,
				1,
				0.889,
				0,
				1.778,
				0,
				2.667,
				0,
				0,
				5.633,
				0
			]
		},
		{
			"Target": "Parameter",
			"Id": "PARAM_HAIR_FLUFFY",
			"Segments": [
				0,
				0,
				1,
				0.889,
				0,
				1.778,
				0,
				2.667,
				0,
				0,
				5.633,
				0
			]
		},
		{
			"Target": "Parameter",
			"Id": "PARAM_NECKTIE",
			"Segments": [
				0,
				0,
				1,
				0.889,
				0,
				1.778,
				0,
				2.667,
				0,
				0,
				5.633,
				0
			]
		},
		{
			"Target": "Parameter",
			"Id": "PARAM_ARM_L_01",
			"Segments": [
				0,
				0,
				1,
				0.167,
				0,
				0.333,
				2,
				0.5,
				2,
				1,
				0.667,
				2,
				0.833,
				0,
				1,
				0,
				1,
				1.2,
				0,
				1.4,
				2,
				1.6,
				2,
				1,
				1.8,
				2,
				2,
				0,
				2.2,
				0,
				1,
				2.356,
				0,
				2.511,
				0,
				2.667,
				0,
				1,
				2.833,
				0,
				3,
				2,
				3.167,
				2,
				1,
				3.333,
				2,
				3.5,
				0,
				3.667,
				0,
				1,
				3.867,
				0,
				4.067,
				2,
				4.267,
				2,
				1,
				4.467,
				2,
				4.667,
				0,
				4.867,
				0,
				1,
				5.111,
				0,
				5.356,
				0,
				5.6,
				0,
				0,
				5.633,
				0
			]
		},
		{
			"Target": "Parameter",
			"Id": "PARAM_ARM_R_01",
			"Segments": [
				0,
				0,
				1,
				0.167,
				0,
				0.333,
				2,
				0.5,
				2,
				1,
				0.667,
				2,
				0.833,
				0,
				1,
				0,
				1,
				1.2,
				0,
				1.4,
				2,
				1.6,
				2,
				1,
				1.8,
				2,
				2,
				0,
				2.2,
				0,
				1,
				2.356,
				0,
				2.511,
				0,
				2.667,
				0,
				1,
				2.833,
				0,
				3,
				2,
				3.167,
				2,
				1,
				3.333,
				2,
				3.5,
				0,
				3.667,
				0,
				1,
				3.867,
				0,
				4.067,
				2,
				4.267,
				2,
				1,
				4.467,
				2,
				4.667,
				0,
				4.867,
				0,
				1,
				5.111,
				0,
				5.356,
				0,
				5.6,
				0,
				0,
				5.633,
				0
			]
		}
	]
}