{
	"Version": 3,
	"Meta": {
		"Duration": 7.23,
		"Fps": 30.0,
		"FadeInTime": 0.5,
		"FadeOutTime": 0.5,
		"Loop": true,
		"AreBeziersRestricted": true,
		"CurveCount": 26,
		"TotalSegmentCount": 157,
		"TotalPointCount": 445,
		"UserDataCount": 0,
		"TotalUserDataSize": 0
	},
	"Curves": [
		{
			"Target": "Model",
			"Id": "Opacity",
			"Segments": [
				0,
				100,
				0,
				7.23,
				100
			]
		},
		{
			"Target": "Parameter",
			"Id": "PARAM_EYE_L_OPEN",
			"Segments": [
				0,
				1,
				1,
				0.244,
				1,
				0.489,
				1,
				0.733,
				1,
				1,
				0.778,
				1,
				0.822,
				0,
				0.867,
				0,
				1,
				0.889,
				0,
				0.911,
				0,
				0.933,
				0,
				1,
				0.989,
				0,
				1.044,
				1,
				1.1,
				1,
				1,
				1.244,
				1,
				1.389,
				1,
				1.533,
				1,
				1,
				1.578,
				1,
				1.622,
				0,
				1.667,
				0,
				1,
				1.689,
				0,
				1.711,
				0,
				1.733,
				0,
				1,
				1.789,
				0,
				1.844,
				1,
				1.9,
				1,
				1,
				2.267,
				1,
				2.633,
				1,
				3,
				1,
				1,
				3.044,
				1,
				3.089,
				0,
				3.133,
				0,
				1,
				3.156,
				0,
				3.178,
				0,
				3.2,
				0,
				1,
				3.256,
				0,
				3.311,
				1,
				3.367,
				1,
				1,
				3.6,
				1,
				3.833,
				1,
				4.067,
				1,
				1,
				4.111,
				1,
				4.156,
				0,
				4.2,
				0,
				1,
				4.222,
				0,
				4.244,
				0,
				4.267,
				0,
				1,
				4.322,
				0,
				4.378,
				1,
				4.433,
				1,
				1,
				4.811,
				1,
				5.189,
				1,
				5.567,
				1,
				1,
				5.611,
				1,
				5.656,
				0,
				5.7,
				0,
				1,
				5.722,
				0,
				5.744,
				0,
				5.767,
				0,
				1,
				5.822,
				0,
				5.878,
				1,
				5.933,
				1,
				0,
				7.233,
				1
			]
		},
		{
			"Target": "Parameter",
			"Id": "PARAM_EYE_R_OPEN",
			"Segments": [
				0,
				1,
				1,
				0.244,
				1,
				0.489,
				1,
				0.733,
				1,
				1,
				0.778,
				1,
				0.822,
				0,
				0.867,
				0,
				1,
				0.889,
				0,
				0.911,
				0,
				0.933,
				0,
				1,
				0.989,
				0,
				1.044,
				1,
				1.1,
				1,
				1,
				1.244,
				1,
				1.389,
				1,
				1.533,
				1,
				1,
				1.578,
				1,
				1.622,
				0,
				1.667,
				0,
				1,
				1.689,
				0,
				1.711,
				0,
				1.733,
				0,
				1,
				1.789,
				0,
				1.844,
				1,
				1.9,
				1,
				1,
				2.267,
				1,
				2.633,
				1,
				3,
				1,
				1,
				3.044,
				1,
				3.089,
				0,
				3.133,
				0,
				1,
				3.156,
				0,
				3.178,
				0,
				3.2,
				0,
				1,
				3.256,
				0,
				3.311,
				1,
				3.367,
				1,
				1,
				3.6,
				1,
				3.833,
				1,
				4.067,
				1,
				1,
				4.111,
				1,
				4.156,
				0,
				4.2,
				0,
				1,
				4.222,
				0,
				4.244,
				0,
				4.267,
				0,
				1,
				4.322,
				0,
				4.378,
				1,
				4.433,
				1,
				1,
				4.811,
				1,
				5.189,
				1,
				5.567,
				1,
				1,
				5.611,
				1,
				5.656,
				0,
				5.7,
				0,
				1,
				5.722,
				0,
				5.744,
				0,
				5.767,
				0,
				1,
				5.822,
				0,
				5.878,
				1,
				5.933,
				1,
				0,
				7.233,
				1
			]
		},
		{
			"Target": "Parameter",
			"Id": "PARAM_EYE_BALL_X",
			"Segments": [
				0,
				0,
				0,
				7.233,
				0
			]
		},
		{
			"Target": "Parameter",
			"Id": "PARAM_EYE_BALL_Y",
			"Segments": [
				0,
				0,
				0,
				7.233,
				0
			]
		},
		{
			"Target": "Parameter",
			"Id": "PARAM_BROW_L_Y",
			"Segments": [
				0,
				0,
				0,
				7.233,
				0
			]
		},
		{
			"Target": "Parameter",
			"Id": "PARAM_BROW_R_Y",
			"Segments": [
				0,
				0,
				0,
				7.233,
				0
			]
		},
		{
			"Target": "Parameter",
			"Id": "PARAM_BROW_L_X",
			"Segments": [
				0,
				0,
				0,
				7.233,
				0
			]
		},
		{
			"Target": "Parameter",
			"Id": "PARAM_BROW_R_X",
			"Segments": [
				0,
				0,
				0,
				7.233,
				0
			]
		},
		{
			"Target": "Parameter",
			"Id": "PARAM_BROW_L_ANGLE",
			"Segments": [
				0,
				0,
				0,
				7.233,
				0
			]
		},
		{
			"Target": "Parameter",
			"Id": "PARAM_BROW_R_ANGLE",
			"Segments": [
				0,
				0,
				0,
				7.233,
				0
			]
		},
		{
			"Target": "Parameter",
			"Id": "PARAM_ANGLE_X",
			"Segments": [
				0,
				0,
				1,
				0.233,
				0,
				0.467,
				9,
				0.7,
				9,
				1,
				0.967,
				9,
				1.233,
				9,
				1.5,
				9,
				1,
				1.7,
				9,
				1.9,
				0,
				2.1,
				0,
				1,
				2.578,
				0,
				3.056,
				0,
				3.533,
				0,
				1,
				3.756,
				0,
				3.978,
				-4,
				4.2,
				-4,
				1,
				4.5,
				-4,
				4.8,
				-4,
				5.1,
				-4,
				1,
				5.289,
				-4,
				5.478,
				0,
				5.667,
				0,
				0,
				7.233,
				0
			]
		},
		{
			"Target": "Parameter",
			"Id": "PARAM_ANGLE_Y",
			"Segments": [
				0,
				0,
				1,
				0.233,
				0,
				0.467,
				-22,
				0.7,
				-22,
				1,
				0.967,
				-22,
				1.233,
				-22,
				1.5,
				-22,
				1,
				1.7,
				-22,
				1.9,
				0,
				2.1,
				0,
				1,
				2.578,
				0,
				3.056,
				0,
				3.533,
				0,
				1,
				3.756,
				0,
				3.978,
				-16,
				4.2,
				-16,
				1,
				4.5,
				-16,
				4.8,
				-16,
				5.1,
				-16,
				1,
				5.289,
				-16,
				5.478,
				0,
				5.667,
				0,
				0,
				7.233,
				0
			]
		},
		{
			"Target": "Parameter",
			"Id": "PARAM_ANGLE_Z",
			"Segments": [
				0,
				0,
				1,
				0.233,
				0,
				0.467,
				6,
				0.7,
				6,
				1,
				0.967,
				6,
				1.233,
				6,
				1.5,
				6,
				1,
				1.7,
				6,
				1.9,
				0,
				2.1,
				0,
				1,
				2.578,
				0,
				3.056,
				0,
				3.533,
				0,
				1,
				3.756,
				0,
				3.978,
				-18,
				4.2,
				-18,
				1,
				4.5,
				-18,
				4.8,
				-18,
				5.1,
				-18,
				1,
				5.289,
				-18,
				5.478,
				0,
				5.667,
				0,
				0,
				7.233,
				0
			]
		},
		{
			"Target": "Parameter",
			"Id": "PARAM_CHEEK",
			"Segments": [
				0,
				0,
				0,
				7.233,
				0
			]
		},
		{
			"Target": "Parameter",
			"Id": "PARAM_BODY_ANGLE_X",
			"Segments": [
				0,
				0,
				1,
				0.233,
				0,
				0.467,
				-5,
				0.7,
				-5,
				1,
				1,
				-5,
				1.3,
				-5,
				1.6,
				-5,
				1,
				1.833,
				-5,
				2.067,
				0,
				2.3,
				0,
				1,
				2.689,
				0,
				3.078,
				0,
				3.467,
				0,
				1,
				3.6,
				0,
				3.733,
				4,
				3.867,
				4,
				1,
				4.322,
				4,
				4.778,
				4,
				5.233,
				4,
				1,
				5.433,
				4,
				5.633,
				0,
				5.833,
				0,
				0,
				7.233,
				0
			]
		},
		{
			"Target": "Parameter",
			"Id": "PARAM_BODY_ANGLE_Y",
			"Segments": [
				0,
				0,
				1,
				0.478,
				0,
				0.956,
				0,
				1.433,
				0,
				1,
				1.533,
				0,
				1.633,
				2,
				1.733,
				2,
				1,
				1.922,
				2,
				2.111,
				-1,
				2.3,
				-1,
				1,
				2.411,
				-1,
				2.522,
				2,
				2.633,
				2,
				1,
				2.778,
				2,
				2.922,
				-2,
				3.067,
				-2,
				1,
				3.211,
				-2,
				3.356,
				2,
				3.5,
				2,
				1,
				3.622,
				2,
				3.744,
				0,
				3.867,
				0,
				1,
				4.2,
				0,
				4.533,
				0,
				4.867,
				0,
				1,
				5.033,
				0,
				5.2,
				2,
				5.367,
				2,
				1,
				5.511,
				2,
				5.656,
				-2,
				5.8,
				-2,
				1,
				5.944,
				-2,
				6.089,
				3,
				6.233,
				3,
				1,
				6.356,
				3,
				6.478,
				-2,
				6.6,
				-2,
				1,
				6.722,
				-2,
				6.844,
				0,
				6.967,
				0,
				0,
				7.233,
				0
			]
		},
		{
			"Target": "Parameter",
			"Id": "PARAM_BODY_ANGLE_Z",
			"Segments": [
				0,
				0,
				1,
				0.233,
				0,
				0.467,
				4,
				0.7,
				4,
				1,
				1,
				4,
				1.3,
				4,
				1.6,
				4,
				1,
				1.811,
				4,
				2.022,
				0,
				2.233,
				0,
				0,
				7.233,
				0
			]
		},
		{
			"Target": "Parameter",
			"Id": "PARAM_BODY",
			"Segments": [
				0,
				0,
				1,
				0.233,
				0,
				0.467,
				-9,
				0.7,
				-9,
				1,
				0.8,
				-9,
				0.9,
				-6,
				1,
				-6,
				1,
				1.1,
				-6,
				1.2,
				-9,
				1.3,
				-9,
				1,
				1.4,
				-9,
				1.5,
				-8.152,
				1.6,
				-6,
				1,
				1.778,
				-2.173,
				1.956,
				0,
				2.133,
				0,
				1,
				2.5,
				0,
				2.867,
				0,
				3.233,
				0,
				1,
				3.467,
				0,
				3.7,
				10,
				3.933,
				10,
				1,
				4.067,
				10,
				4.2,
				6,
				4.333,
				6,
				1,
				4.478,
				6,
				4.622,
				10,
				4.767,
				10,
				1,
				4.889,
				10,
				5.011,
				8.182,
				5.133,
				5,
				1,
				5.267,
				1.529,
				5.4,
				0,
				5.533,
				0,
				0,
				7.233,
				0
			]
		},
		{
			"Target": "Parameter",
			"Id": "PARAM_BREATH",
			"Segments": [
				0,
				0,
				0,
				7.233,
				0
			]
		},
		{
			"Target": "Parameter",
			"Id": "PARAM_HAIR_FLUFFY",
			"Segments": [
				0,
				0,
				0,
				7.233,
				0
			]
		},
		{
			"Target": "Parameter",
			"Id": "PARAM_NECKTIE",
			"Segments": [
				0,
				0,
				0,
				7.233,
				0
			]
		},
		{
			"Target": "Parameter",
			"Id": "PARAM_ARM_L_01",
			"Segments": [
				0,
				1,
				1,
				0.233,
				1,
				0.467,
				4,
				0.7,
				4,
				1,
				1.022,
				4,
				1.344,
				3.804,
				1.667,
				3,
				1,
				1.8,
				2.667,
				1.933,
				1.694,
				2.067,
				1,
				1,
				2.189,
				0.364,
				2.311,
				0,
				2.433,
				0,
				1,
				2.544,
				0,
				2.656,
				1,
				2.767,
				1,
				1,
				2.878,
				1,
				2.989,
				0,
				3.1,
				0,
				1,
				3.211,
				0,
				3.322,
				-0.306,
				3.433,
				1,
				1,
				3.611,
				3.09,
				3.789,
				10,
				3.967,
				10,
				1,
				4.1,
				10,
				4.233,
				9,
				4.367,
				9,
				1,
				4.478,
				9,
				4.589,
				10,
				4.7,
				10,
				1,
				4.822,
				10,
				4.944,
				10,
				5.067,
				8,
				1,
				5.3,
				4.161,
				5.533,
				0,
				5.767,
				0,
				1,
				5.878,
				0,
				5.989,
				1,
				6.1,
				1,
				1,
				6.211,
				1,
				6.322,
				0,
				6.433,
				0,
				1,
				6.589,
				0,
				6.744,
				1,
				6.9,
				1,
				0,
				7.233,
				1
			]
		},
		{
			"Target": "Parameter",
			"Id": "PARAM_ARM_R_01",
			"Segments": [
				0,
				1,
				1,
				0.233,
				1,
				0.467,
				10,
				0.7,
				10,
				1,
				0.811,
				10,
				0.922,
				9,
				1.033,
				9,
				1,
				1.133,
				9,
				1.233,
				10,
				1.333,
				10,
				1,
				1.444,
				10,
				1.556,
				10,
				1.667,
				9,
				1,
				1.8,
				7.721,
				1.933,
				2.159,
				2.067,
				1,
				1,
				2.189,
				-0.062,
				2.311,
				0,
				2.433,
				0,
				1,
				2.544,
				0,
				2.656,
				1,
				2.767,
				1,
				1,
				2.878,
				1,
				2.989,
				0,
				3.1,
				0,
				1,
				3.211,
				0,
				3.322,
				0.067,
				3.433,
				1,
				1,
				3.611,
				2.493,
				3.789,
				4,
				3.967,
				4,
				1,
				4.344,
				4,
				4.722,
				4,
				5.1,
				4,
				1,
				5.322,
				4,
				5.544,
				0,
				5.767,
				0,
				1,
				5.878,
				0,
				5.989,
				1,
				6.1,
				1,
				1,
				6.211,
				1,
				6.322,
				0,
				6.433,
				0,
				1,
				6.589,
				0,
				6.744,
				1,
				6.9,
				1,
				0,
				7.233,
				1
			]
		},
		{
			"Target": "Parameter",
			"Id": "Param4",
			"Segments": [
				0,
				0,
				1,
				0.233,
				0,
				0.467,
				-30,
				0.7,
				-30,
				1,
				1.389,
				-30,
				2.078,
				0,
				2.767,
				0,
				0,
				7.233,
				0
			]
		},
		{
			"Target": "Parameter",
			"Id": "Param5",
			"Segments": [
				0,
				0,
				1,
				1.144,
				0,
				2.289,
				0,
				3.433,
				0,
				1,
				3.611,
				0,
				3.789,
				-30,
				3.967,
				-30,
				1,
				4.333,
				-30,
				4.7,
				-30,
				5.067,
				-30,
				1,
				5.3,
				-30,
				5.533,
				0,
				5.767,
				0,
				0,
				7.233,
				0
			]
		}
	]
}