{
	"Version": 3,
	"Meta": {
		"Duration": 3.17,
		"Fps": 30.0,
		"FadeInTime": 0.5,
		"FadeOutTime": 0.5,
		"Loop": true,
		"AreBeziersRestricted": true,
		"CurveCount": 24,
		"TotalSegmentCount": 65,
		"TotalPointCount": 171,
		"UserDataCount": 0,
		"TotalUserDataSize": 0
	},
	"Curves": [
		{
			"Target": "Model",
			"Id": "Opacity",
			"Segments": [
				0,
				100,
				0,
				3.17,
				100
			]
		},
		{
			"Target": "Parameter",
			"Id": "PARAM_EYE_L_OPEN",
			"Segments": [
				0,
				0,
				0,
				3.167,
				0
			]
		},
		{
			"Target": "Parameter",
			"Id": "PARAM_EYE_R_OPEN",
			"Segments": [
				0,
				0,
				0,
				3.167,
				0
			]
		},
		{
			"Target": "Parameter",
			"Id": "PARAM_EYE_BALL_X",
			"Segments": [
				0,
				0,
				0,
				3.167,
				0
			]
		},
		{
			"Target": "Parameter",
			"Id": "PARAM_EYE_BALL_Y",
			"Segments": [
				0,
				0,
				0,
				3.167,
				0
			]
		},
		{
			"Target": "Parameter",
			"Id": "PARAM_BROW_L_Y",
			"Segments": [
				0,
				0,
				0,
				3.167,
				0
			]
		},
		{
			"Target": "Parameter",
			"Id": "PARAM_BROW_R_Y",
			"Segments": [
				0,
				0,
				0,
				3.167,
				0
			]
		},
		{
			"Target": "Parameter",
			"Id": "PARAM_BROW_L_X",
			"Segments": [
				0,
				0,
				0,
				3.167,
				0
			]
		},
		{
			"Target": "Parameter",
			"Id": "PARAM_BROW_R_X",
			"Segments": [
				0,
				0,
				0,
				3.167,
				0
			]
		},
		{
			"Target": "Parameter",
			"Id": "PARAM_BROW_L_ANGLE",
			"Segments": [
				0,
				0,
				0,
				3.167,
				0
			]
		},
		{
			"Target": "Parameter",
			"Id": "PARAM_BROW_R_ANGLE",
			"Segments": [
				0,
				0,
				0,
				3.167,
				0
			]
		},
		{
			"Target": "Parameter",
			"Id": "PARAM_ANGLE_X",
			"Segments": [
				0,
				0,
				0,
				3.167,
				0
			]
		},
		{
			"Target": "Parameter",
			"Id": "PARAM_ANGLE_Y",
			"Segments": [
				0,
				0,
				1,
				0.089,
				0,
				0.178,
				-20,
				0.267,
				-20,
				1,
				0.389,
				-20,
				0.511,
				0,
				0.633,
				0,
				1,
				0.744,
				0,
				0.856,
				-22,
				0.967,
				-22,
				1,
				1.067,
				-22,
				1.167,
				0,
				1.267,
				0,
				1,
				1.4,
				0,
				1.533,
				-20,
				1.667,
				-20,
				1,
				1.789,
				-20,
				1.911,
				0,
				2.033,
				0,
				1,
				2.144,
				0,
				2.256,
				-22,
				2.367,
				-22,
				1,
				2.467,
				-22,
				2.567,
				0,
				2.667,
				0,
				0,
				3.167,
				0
			]
		},
		{
			"Target": "Parameter",
			"Id": "PARAM_ANGLE_Z",
			"Segments": [
				0,
				0,
				0,
				3.167,
				0
			]
		},
		{
			"Target": "Parameter",
			"Id": "PARAM_CHEEK",
			"Segments": [
				0,
				1,
				0,
				3.167,
				1
			]
		},
		{
			"Target": "Parameter",
			"Id": "PARAM_BODY_ANGLE_X",
			"Segments": [
				0,
				0,
				1,
				0.2,
				0,
				0.4,
				-10,
				0.6,
				-10,
				1,
				0.811,
				-10,
				1.022,
				10,
				1.233,
				10,
				1,
				1.511,
				10,
				1.789,
				-10,
				2.067,
				-10,
				1,
				2.289,
				-10,
				2.511,
				10,
				2.733,
				10,
				0,
				3.167,
				10
			]
		},
		{
			"Target": "Parameter",
			"Id": "PARAM_BODY_ANGLE_Y",
			"Segments": [
				0,
				0,
				1,
				0.1,
				0,
				0.2,
				-6,
				0.3,
				-6,
				1,
				0.4,
				-6,
				0.5,
				0,
				0.6,
				0,
				1,
				0.722,
				0,
				0.844,
				-5,
				0.967,
				-5,
				1,
				1.067,
				-5,
				1.167,
				0,
				1.267,
				0,
				1,
				1.433,
				0,
				1.6,
				-6,
				1.767,
				-6,
				1,
				1.867,
				-6,
				1.967,
				0,
				2.067,
				0,
				1,
				2.189,
				0,
				2.311,
				-5,
				2.433,
				-5,
				1,
				2.533,
				-5,
				2.633,
				0,
				2.733,
				0,
				0,
				3.167,
				0
			]
		},
		{
			"Target": "Parameter",
			"Id": "PARAM_BODY_ANGLE_Z",
			"Segments": [
				0,
				0,
				0,
				3.167,
				0
			]
		},
		{
			"Target": "Parameter",
			"Id": "PARAM_BODY",
			"Segments": [
				0,
				0,
				1,
				0.056,
				0,
				0.111,
				0,
				0.167,
				0,
				1,
				0.3,
				0,
				0.433,
				10,
				0.567,
				10,
				1,
				0.644,
				10,
				0.722,
				9,
				0.8,
				9,
				1,
				0.822,
				9,
				0.844,
				9,
				0.867,
				9,
				1,
				1,
				9,
				1.133,
				-10,
				1.267,
				-10,
				1,
				1.322,
				-10,
				1.378,
				-8,
				1.433,
				-8,
				1,
				1.5,
				-8,
				1.567,
				-8,
				1.633,
				-8,
				1,
				1.767,
				-8,
				1.9,
				10,
				2.033,
				10,
				1,
				2.111,
				10,
				2.189,
				9,
				2.267,
				9,
				1,
				2.289,
				9,
				2.311,
				9,
				2.333,
				9,
				1,
				2.467,
				9,
				2.6,
				-10,
				2.733,
				-10,
				1,
				2.789,
				-10,
				2.844,
				-8,
				2.9,
				-8,
				0,
				3.167,
				-8
			]
		},
		{
			"Target": "Parameter",
			"Id": "PARAM_BREATH",
			"Segments": [
				0,
				0,
				0,
				3.167,
				0
			]
		},
		{
			"Target": "Parameter",
			"Id": "PARAM_HAIR_FLUFFY",
			"Segments": [
				0,
				0,
				1,
				0.133,
				0,
				0.267,
				-0.74,
				0.4,
				-0.74,
				1,
				0.489,
				-0.74,
				0.578,
				1,
				0.667,
				1,
				1,
				0.8,
				1,
				0.933,
				-0.07,
				1.067,
				-0.07,
				1,
				1.156,
				-0.07,
				1.244,
				1,
				1.333,
				1,
				1,
				1.489,
				1,
				1.644,
				0,
				1.8,
				0,
				1,
				1.911,
				0,
				2.022,
				1,
				2.133,
				1,
				1,
				2.267,
				1,
				2.4,
				0,
				2.533,
				0,
				1,
				2.622,
				0,
				2.711,
				1,
				2.8,
				1,
				1,
				2.889,
				1,
				2.978,
				0,
				3.067,
				0,
				0,
				3.167,
				0
			]
		},
		{
			"Target": "Parameter",
			"Id": "PARAM_NECKTIE",
			"Segments": [
				0,
				0,
				0,
				3.167,
				0
			]
		},
		{
			"Target": "Parameter",
			"Id": "PARAM_ARM_L_01",
			"Segments": [
				0,
				3,
				0,
				3.167,
				3
			]
		},
		{
			"Target": "Parameter",
			"Id": "PARAM_ARM_R_01",
			"Segments": [
				0,
				3,
				0,
				3.167,
				3
			]
		}
	]
}