{
	"Version": 3,
	"Meta": {
		"Duration": 2.93,
		"Fps": 30.0,
		"FadeInTime": 0.5,
		"FadeOutTime": 0.5,
		"Loop": true,
		"AreBeziersRestricted": true,
		"CurveCount": 26,
		"TotalSegmentCount": 61,
		"TotalPointCount": 165,
		"UserDataCount": 0,
		"TotalUserDataSize": 0
	},
	"Curves": [
		{
			"Target": "Model",
			"Id": "Opacity",
			"Segments": [
				0,
				100,
				0,
				2.93,
				100
			]
		},
		{
			"Target": "Parameter",
			"Id": "PARAM_EYE_L_OPEN",
			"Segments": [
				0,
				1,
				1,
				0.122,
				1,
				0.244,
				1,
				0.367,
				1,
				1,
				0.422,
				1,
				0.478,
				0,
				0.533,
				0,
				1,
				1.133,
				0,
				1.733,
				0,
				2.333,
				0,
				1,
				2.378,
				0,
				2.422,
				1,
				2.467,
				1,
				0,
				2.933,
				1
			]
		},
		{
			"Target": "Parameter",
			"Id": "PARAM_EYE_R_OPEN",
			"Segments": [
				0,
				1,
				1,
				0.122,
				1,
				0.244,
				1,
				0.367,
				1,
				1,
				0.422,
				1,
				0.478,
				0,
				0.533,
				0,
				1,
				1.133,
				0,
				1.733,
				0,
				2.333,
				0,
				1,
				2.378,
				0,
				2.422,
				1,
				2.467,
				1,
				0,
				2.933,
				1
			]
		},
		{
			"Target": "Parameter",
			"Id": "PARAM_EYE_BALL_X",
			"Segments": [
				0,
				0,
				0,
				2.933,
				0
			]
		},
		{
			"Target": "Parameter",
			"Id": "PARAM_EYE_BALL_Y",
			"Segments": [
				0,
				0,
				0,
				2.933,
				0
			]
		},
		{
			"Target": "Parameter",
			"Id": "PARAM_BROW_L_Y",
			"Segments": [
				0,
				0,
				0,
				2.933,
				0
			]
		},
		{
			"Target": "Parameter",
			"Id": "PARAM_BROW_R_Y",
			"Segments": [
				0,
				0,
				0,
				2.933,
				0
			]
		},
		{
			"Target": "Parameter",
			"Id": "PARAM_BROW_L_X",
			"Segments": [
				0,
				0,
				0,
				2.933,
				0
			]
		},
		{
			"Target": "Parameter",
			"Id": "PARAM_BROW_R_X",
			"Segments": [
				0,
				0,
				0,
				2.933,
				0
			]
		},
		{
			"Target": "Parameter",
			"Id": "PARAM_BROW_L_ANGLE",
			"Segments": [
				0,
				0,
				0,
				2.933,
				0
			]
		},
		{
			"Target": "Parameter",
			"Id": "PARAM_BROW_R_ANGLE",
			"Segments": [
				0,
				0,
				0,
				2.933,
				0
			]
		},
		{
			"Target": "Parameter",
			"Id": "PARAM_ANGLE_X",
			"Segments": [
				0,
				0,
				0,
				2.933,
				0
			]
		},
		{
			"Target": "Parameter",
			"Id": "PARAM_ANGLE_Y",
			"Segments": [
				0,
				0,
				1,
				0.1,
				0,
				0.2,
				9,
				0.3,
				9,
				1,
				0.378,
				9,
				0.456,
				-20,
				0.533,
				-20,
				1,
				0.622,
				-20,
				0.711,
				30,
				0.8,
				30,
				1,
				0.889,
				30,
				0.978,
				-11,
				1.067,
				-11,
				1,
				1.156,
				-11,
				1.244,
				30,
				1.333,
				30,
				1,
				1.5,
				30,
				1.667,
				0,
				1.833,
				0,
				1,
				1.922,
				0,
				2.011,
				14.109,
				2.1,
				24,
				1,
				2.156,
				30,
				2.211,
				30,
				2.267,
				30,
				1,
				2.344,
				30,
				2.422,
				-8,
				2.5,
				-8,
				1,
				2.567,
				-8,
				2.633,
				0,
				2.7,
				0,
				0,
				2.933,
				0
			]
		},
		{
			"Target": "Parameter",
			"Id": "PARAM_ANGLE_Z",
			"Segments": [
				0,
				0,
				0,
				2.933,
				0
			]
		},
		{
			"Target": "Parameter",
			"Id": "PARAM_CHEEK",
			"Segments": [
				0,
				1,
				0,
				2.933,
				1
			]
		},
		{
			"Target": "Parameter",
			"Id": "PARAM_BODY_ANGLE_X",
			"Segments": [
				0,
				0,
				0,
				2.933,
				0
			]
		},
		{
			"Target": "Parameter",
			"Id": "PARAM_BODY_ANGLE_Y",
			"Segments": [
				0,
				0,
				1,
				0.089,
				0,
				0.178,
				2,
				0.267,
				2,
				1,
				0.367,
				2,
				0.467,
				-5,
				0.567,
				-5,
				1,
				0.656,
				-5,
				0.744,
				10,
				0.833,
				10,
				1,
				0.933,
				10,
				1.033,
				-6,
				1.133,
				-6,
				1,
				1.233,
				-6,
				1.333,
				10,
				1.433,
				10,
				1,
				1.544,
				10,
				1.656,
				-10,
				1.767,
				-10,
				1,
				1.856,
				-10,
				1.944,
				7,
				2.033,
				7,
				1,
				2.167,
				7,
				2.3,
				-3,
				2.433,
				-3,
				1,
				2.544,
				-3,
				2.656,
				0,
				2.767,
				0,
				0,
				2.933,
				0
			]
		},
		{
			"Target": "Parameter",
			"Id": "PARAM_BODY_ANGLE_Z",
			"Segments": [
				0,
				0,
				0,
				2.933,
				0
			]
		},
		{
			"Target": "Parameter",
			"Id": "PARAM_BODY",
			"Segments": [
				0,
				0,
				0,
				2.933,
				0
			]
		},
		{
			"Target": "Parameter",
			"Id": "PARAM_BREATH",
			"Segments": [
				0,
				0,
				0,
				2.933,
				0
			]
		},
		{
			"Target": "Parameter",
			"Id": "PARAM_HAIR_FLUFFY",
			"Segments": [
				0,
				0,
				1,
				0.156,
				0,
				0.311,
				-1,
				0.467,
				-1,
				1,
				0.6,
				-1,
				0.733,
				1,
				0.867,
				1,
				1,
				0.989,
				1,
				1.111,
				-0.431,
				1.233,
				-0.431,
				1,
				1.356,
				-0.431,
				1.478,
				1,
				1.6,
				1,
				1,
				1.711,
				1,
				1.822,
				-0.426,
				1.933,
				-0.426,
				1,
				2.044,
				-0.426,
				2.156,
				1,
				2.267,
				1,
				1,
				2.356,
				1,
				2.444,
				-0.34,
				2.533,
				-0.34,
				1,
				2.611,
				-0.34,
				2.689,
				0,
				2.767,
				0,
				0,
				2.933,
				0
			]
		},
		{
			"Target": "Parameter",
			"Id": "PARAM_NECKTIE",
			"Segments": [
				0,
				0,
				0,
				2.933,
				0
			]
		},
		{
			"Target": "Parameter",
			"Id": "PARAM_ARM_L_01",
			"Segments": [
				0,
				0,
				1,
				0.978,
				0,
				1.956,
				0,
				2.933,
				0
			]
		},
		{
			"Target": "Parameter",
			"Id": "PARAM_ARM_R_01",
			"Segments": [
				0,
				1,
				1,
				0.978,
				1,
				1.956,
				1,
				2.933,
				1
			]
		},
		{
			"Target": "Parameter",
			"Id": "Param4",
			"Segments": [
				0,
				-30,
				1,
				0.978,
				-30,
				1.956,
				-30,
				2.933,
				-30
			]
		},
		{
			"Target": "Parameter",
			"Id": "Param5",
			"Segments": [
				0,
				-30,
				1,
				0.978,
				-30,
				1.956,
				-30,
				2.933,
				-30
			]
		}
	]
}