{
	"Version": 3,
	"FileReferences": {
		"Moc": "MIKU.moc3",
		"Textures": [
			"MIKU.4096/texture_00.png"
		],
		"Physics": "MIKU.physics3.json",
		"DisplayInfo": "MIKU.cdi3.json",
		"Expressions": [
			{
				"Name": "Chijing",
				"File": "表情和动作/Chijing.exp3.json"
			},
			{
				"Name": "Dazhihui",
				"File": "表情和动作/Dazhihui.exp3.json"
			},
			{
				"Name": "Mimiyan",
				"File": "表情和动作/Mimiyan.exp3.json"
			},
			{
				"Name": "Saihong",
				"File": "表情和动作/Saihong.exp3.json"
			},
			{
				"Name": "Yanjing",
				"File": "表情和动作/Yanjing.exp3.json"
			},
			{
				"Name": "liuhan",
				"File": "表情和动作/liuhan.exp3.json"
			}
		]
	},
	"Groups": [
		{
			"Target": "Parameter",
			"Name": "EyeBlink",
			"Ids": []
		},
		{
			"Target": "Parameter",
			"Name": "LipSync",
			"Ids": []
		}
	],
	"HitAreas": []
}